DriverID,VehicleType,JoinDate,City,Rating,ShiftType
DRV-101,Motorcycle,2025-05-10,Riyadh,4.32,Night
DRV-102,Motorcycle,2025-11-10,Riyadh,3.78,Night
DRV-103,Motorcycle,2023-05-02,Mecca,4.95,Evening
DRV-104,Car,2024-04-11,Riyadh,4.66,Morning
DRV-105,Motorcycle,2023-11-27,Riyadh,4.91,Morning
DRV-106,Motorcycle,2023-03-29,Jeddah,4.84,Night
DRV-107,Scooter,2025-05-21,Mecca,4.4,Evening
DRV-108,Motorcycle,2023-05-11,Riyadh,4.88,Morning
DRV-109,Motorcycle,2025-02-08,Dammam,3.63,Morning
DRV-110,Car,2023-12-10,Dammam,3.79,Evening
DRV-111,Motorcycle,2025-03-16,Riyadh,3.57,Morning
DRV-112,Motorcycle,2024-01-21,Dammam,3.99,Morning
DRV-113,Motorcycle,2025-08-13,Riyadh,4.08,Evening
DRV-114,Motorcycle,2023-10-04,Jeddah,3.91,Evening
DRV-115,Scooter,2024-04-04,Jeddah,4.74,Evening
DRV-116,Car,2023-01-22,Jeddah,4.04,Morning
DRV-117,Car,2023-09-10,Riyadh,3.92,Evening
DRV-118,Scooter,2025-01-17,Khobar,4.31,Morning
DRV-119,Car,2025-05-06,Riyadh,3.71,Morning
DRV-120,Motorcycle,2024-04-19,Riyadh,4.7,Evening
DRV-121,Scooter,2024-05-25,Riyadh,3.61,Evening
DRV-122,Motorcycle,2024-11-30,Jeddah,4.98,Night
DRV-123,Car,2025-09-02,Dammam,4.66,Evening
DRV-124,Scooter,2023-07-09,Riyadh,3.8,Evening
DRV-125,Motorcycle,2025-08-15,Jeddah,3.51,Morning
DRV-126,Motorcycle,2024-11-17,Riyadh,4.72,Evening
DRV-127,Motorcycle,2025-08-15,Jeddah,4.56,Morning
DRV-128,Motorcycle,2024-07-16,Riyadh,4.59,Morning
DRV-129,Car,2025-04-11,Dammam,4.66,Split Shift
DRV-130,Scooter,2024-10-08,Riyadh,3.61,Evening
DRV-131,Motorcycle,2023-01-21,Mecca,4.04,Night
DRV-132,Motorcycle,2025-04-20,Riyadh,3.67,Evening
DRV-133,Motorcycle,2023-06-16,Riyadh,4.79,Night
DRV-134,Motorcycle,2024-01-23,Riyadh,4.43,Evening
DRV-135,Motorcycle,2024-08-23,Mecca,4.0,Evening
DRV-136,Motorcycle,2023-11-12,Khobar,3.6,Evening
DRV-137,Scooter,2023-01-14,Riyadh,3.97,Morning
DRV-138,Motorcycle,2023-08-30,Dammam,3.99,Evening
DRV-139,Motorcycle,2025-02-15,Khobar,4.59,Morning
DRV-140,Car,2024-07-18,Jeddah,4.46,Morning
DRV-141,Motorcycle,2025-06-16,Jeddah,4.83,Evening
DRV-142,Bicycle,2023-04-02,Riyadh,4.21,Morning
DRV-143,Bicycle,2025-08-13,Riyadh,3.68,Split Shift
DRV-144,Motorcycle,2024-05-23,Khobar,4.57,Split Shift
DRV-145,Motorcycle,2025-02-14,Mecca,4.64,Split Shift
DRV-146,Motorcycle,2023-02-04,Jeddah,4.34,Evening
DRV-147,Motorcycle,2023-07-25,Riyadh,4.66,Morning
DRV-148,Motorcycle,2025-10-22,Riyadh,4.24,Split Shift
DRV-149,Car,2025-10-18,Dammam,4.28,Evening
DRV-150,Motorcycle,2024-07-19,Khobar,4.14,Split Shift
