OrderID,CustomerID,RestaurantID,OrderTime,Subtotal,PaymentMethod,Discount
ORD-20001,CUST-1103,REST-529,2026-02-02 16:17:05,275.92,Credit Card,40.19
ORD-20002,CUST-1271,REST-530,2026-01-04 00:36:36,91.09,Credit Card,0.0
ORD-20003,CUST-1107,REST-516,2026-02-21 02:58:14,137.13,Debit Card,0.0
ORD-20004,CUST-1072,REST-540,2026-03-09 22:20:19,250.45,Credit Card,28.21
ORD-20005,CUST-1189,REST-519,2026-03-19 00:28:05,255.5,Debit Card,14.38
ORD-20006,CUST-1021,REST-518,2026-01-02 18:34:08,69.67,Apple Pay,11.61
ORD-20007,CUST-1103,REST-501,2026-02-19 04:52:43,91.03,Credit Card,0.0
ORD-20008,CUST-1122,REST-514,2026-01-02 03:15:59,60.84,Apple Pay,0.0
ORD-20009,CUST-1215,REST-502,2026-03-26 20:13:58,186.13,Cash on Delivery,0.0
ORD-20010,CUST-1088,REST-528,2026-03-13 22:06:31,135.0,Apple Pay,26.99
ORD-20011,CUST-1100,REST-530,2026-03-08 00:25:39,135.97,Credit Card,0.0
ORD-20012,CUST-1152,REST-538,2026-02-11 19:08:46,56.05,Credit Card,0.0
ORD-20013,CUST-1131,REST-504,2026-02-26 21:31:26,95.39,Debit Card,0.0
ORD-20014,CUST-1150,REST-501,2026-02-08 00:32:35,313.79,Credit Card,0.0
ORD-20015,CUST-1258,REST-508,2026-03-10 01:54:26,55.08,Apple Pay,6.33
ORD-20016,CUST-1294,REST-529,2026-01-12 05:35:37,183.93,Apple Pay,0.0
ORD-20017,CUST-1192,REST-539,2026-03-03 19:20:46,247.33,Apple Pay,15.76
ORD-20018,CUST-1277,REST-503,2026-02-07 02:37:48,94.03,Credit Card,0.0
ORD-20019,CUST-1161,REST-532,2026-01-11 22:32:36,232.6,Debit Card,32.68
ORD-20020,CUST-1022,REST-510,2026-02-24 20:09:20,119.31,Apple Pay,0.0
ORD-20021,CUST-1253,REST-510,2026-02-04 22:18:25,266.08,Apple Pay,0.0
ORD-20022,CUST-1236,REST-519,2026-02-28 22:38:53,145.6,Credit Card,0.0
ORD-20023,CUST-1049,REST-534,2026-03-04 21:19:27,42.81,Credit Card,0.0
ORD-20024,CUST-1059,REST-533,2026-03-27 18:32:48,106.25,Apple Pay,0.0
ORD-20025,CUST-1170,REST-523,2026-03-03 20:22:48,79.88,Cash on Delivery,7.98
ORD-20026,CUST-1188,REST-528,2026-02-17 00:47:27,319.69,Credit Card,0.0
ORD-20027,CUST-1271,REST-532,2026-02-25 05:19:09,190.87,Credit Card,0.0
ORD-20028,CUST-1190,REST-507,2026-01-08 01:55:56,295.49,Apple Pay,0.0
ORD-20029,CUST-1175,REST-529,2026-03-09 04:17:46,181.59,Apple Pay,41.04
ORD-20030,CUST-1051,REST-508,2026-02-06 19:03:30,101.05,Credit Card,13.87
ORD-20031,CUST-1055,REST-501,2026-01-20 01:45:17,111.24,Credit Card,15.53
ORD-20032,CUST-1244,REST-503,2026-03-28 17:07:04,201.34,Cash on Delivery,32.63
ORD-20033,CUST-1131,REST-524,2026-03-28 03:03:09,139.91,Credit Card,20.36
ORD-20034,CUST-1135,REST-523,2026-01-15 02:55:44,87.2,Credit Card,6.21
ORD-20035,CUST-1021,REST-508,2026-01-29 20:13:36,51.87,Debit Card,7.81
ORD-20036,CUST-1167,REST-537,2026-01-17 22:32:57,144.17,Debit Card,16.02
ORD-20037,CUST-1274,REST-503,2026-02-09 20:33:56,65.09,Cash on Delivery,0.0
ORD-20038,CUST-1089,REST-533,2026-02-15 17:48:53,80.34,Apple Pay,16.8
ORD-20039,CUST-1014,REST-528,2026-02-09 22:26:48,199.29,Apple Pay,0.0
ORD-20040,CUST-1242,REST-508,2026-01-25 04:59:55,196.83,Credit Card,26.14
ORD-20041,CUST-1265,REST-534,2026-03-04 05:39:33,157.16,Credit Card,25.64
ORD-20042,CUST-1053,REST-535,2026-03-03 02:35:24,309.68,Cash on Delivery,10.76
ORD-20043,CUST-1092,REST-532,2026-01-12 21:41:58,291.66,Credit Card,0.0
ORD-20044,CUST-1264,REST-524,2026-02-16 18:02:23,139.11,Debit Card,0.0
ORD-20045,CUST-1035,REST-514,2026-03-13 20:18:11,227.38,Cash on Delivery,17.87
ORD-20046,CUST-1206,REST-532,2026-01-11 01:08:22,299.21,Debit Card,0.0
ORD-20047,CUST-1081,REST-516,2026-02-17 19:44:22,96.37,Cash on Delivery,19.82
ORD-20048,CUST-1050,REST-504,2026-01-18 02:10:34,88.73,Apple Pay,21.11
ORD-20049,CUST-1002,REST-537,2026-02-24 22:24:14,225.63,Credit Card,41.8
ORD-20050,CUST-1054,REST-521,2026-02-12 03:57:54,113.42,Apple Pay,0.0
ORD-20051,CUST-1106,REST-514,2026-02-08 16:14:48,244.57,Credit Card,0.0
ORD-20052,CUST-1260,REST-531,2026-01-10 18:24:19,98.91,Apple Pay,8.16
ORD-20053,CUST-1191,REST-518,2026-03-10 02:25:24,217.3,Credit Card,49.63
ORD-20054,CUST-1218,REST-507,2026-03-09 20:48:36,124.46,Cash on Delivery,0.0
ORD-20055,CUST-1044,REST-510,2026-01-12 04:22:24,229.3,Apple Pay,0.0
ORD-20056,CUST-1162,REST-507,2026-03-15 17:46:25,120.69,Apple Pay,0.0
ORD-20057,CUST-1202,REST-533,2026-03-29 04:23:19,289.19,Apple Pay,0.0
ORD-20058,CUST-1270,REST-523,2026-03-30 04:31:37,268.46,Credit Card,0.0
ORD-20059,CUST-1271,REST-521,2026-01-12 03:54:58,174.93,Debit Card,0.0
ORD-20060,CUST-1215,REST-519,2026-03-21 01:50:10,204.06,Cash on Delivery,0.0
ORD-20061,CUST-1252,REST-519,2026-01-18 18:53:47,209.08,Apple Pay,0.0
ORD-20062,CUST-1190,REST-536,2026-02-28 01:32:33,117.56,Cash on Delivery,0.0
ORD-20063,CUST-1296,REST-529,2026-03-01 04:32:12,247.94,Apple Pay,0.0
ORD-20064,CUST-1213,REST-518,2026-01-06 04:46:56,218.18,Credit Card,0.0
ORD-20065,CUST-1208,REST-502,2026-01-31 15:58:13,228.55,Cash on Delivery,0.0
ORD-20066,CUST-1237,REST-501,2026-01-17 19:29:59,39.93,Apple Pay,6.05
ORD-20067,CUST-1053,REST-505,2026-03-04 22:09:29,206.9,Credit Card,0.0
ORD-20068,CUST-1280,REST-520,2026-03-06 02:19:16,150.67,Credit Card,0.0
ORD-20069,CUST-1217,REST-511,2026-03-06 01:58:35,242.59,Apple Pay,0.0
ORD-20070,CUST-1252,REST-502,2026-03-21 03:08:57,182.42,Apple Pay,0.0
ORD-20071,CUST-1188,REST-503,2026-02-09 00:21:28,327.74,Credit Card,0.0
ORD-20072,CUST-1041,REST-523,2026-03-09 05:37:55,72.04,Debit Card,0.0
ORD-20073,CUST-1157,REST-512,2026-02-26 22:46:00,46.17,Apple Pay,11.08
ORD-20074,CUST-1015,REST-520,2026-01-24 21:10:43,279.87,Cash on Delivery,0.0
ORD-20075,CUST-1065,REST-505,2026-03-20 22:43:51,239.69,Apple Pay,0.0
ORD-20076,CUST-1009,REST-537,2026-01-21 03:18:29,220.03,Credit Card,27.34
ORD-20077,CUST-1129,REST-538,2026-03-01 18:51:52,273.95,Cash on Delivery,0.0
ORD-20078,CUST-1136,REST-530,2026-01-19 02:04:45,58.49,Cash on Delivery,14.21
ORD-20079,CUST-1063,REST-509,2026-02-10 17:12:50,54.55,Credit Card,0.0
ORD-20080,CUST-1139,REST-534,2026-01-20 21:31:31,306.09,Debit Card,0.0
ORD-20081,CUST-1081,REST-535,2026-03-18 18:10:38,255.42,Credit Card,0.0
ORD-20082,CUST-1163,REST-522,2026-02-13 19:01:02,51.86,Debit Card,0.0
ORD-20083,CUST-1289,REST-524,2026-03-14 02:14:46,135.37,Credit Card,5.63
ORD-20084,CUST-1261,REST-517,2026-01-22 21:53:40,214.82,Apple Pay,7.35
ORD-20085,CUST-1231,REST-510,2026-01-26 04:44:18,240.87,Apple Pay,16.54
ORD-20086,CUST-1041,REST-530,2026-02-14 00:13:18,209.91,Apple Pay,0.0
ORD-20087,CUST-1028,REST-523,2026-02-04 20:43:14,316.49,Credit Card,0.0
ORD-20088,CUST-1135,REST-532,2026-02-06 21:40:19,238.6,Credit Card,30.26
ORD-20089,CUST-1201,REST-517,2026-03-08 01:33:05,275.03,Cash on Delivery,8.05
ORD-20090,CUST-1268,REST-517,2026-02-10 03:25:34,179.95,Credit Card,0.0
ORD-20091,CUST-1033,REST-514,2026-01-02 20:02:37,134.3,Debit Card,24.12
ORD-20092,CUST-1048,REST-509,2026-03-31 02:35:05,274.81,Apple Pay,0.0
ORD-20093,CUST-1062,REST-540,2026-03-07 03:46:35,240.68,Cash on Delivery,0.0
ORD-20094,CUST-1216,REST-502,2026-01-11 02:36:00,275.5,Credit Card,29.52
ORD-20095,CUST-1293,REST-525,2026-03-25 21:37:36,232.97,Credit Card,0.0
ORD-20096,CUST-1099,REST-539,2026-03-21 00:51:19,81.21,Credit Card,0.0
ORD-20097,CUST-1172,REST-509,2026-02-04 22:41:58,216.44,Credit Card,0.0
ORD-20098,CUST-1214,REST-522,2026-03-30 02:29:24,256.85,Credit Card,21.74
ORD-20099,CUST-1035,REST-504,2026-02-14 00:14:44,249.64,Credit Card,0.0
ORD-20100,CUST-1227,REST-526,2026-01-08 20:25:04,91.96,Credit Card,0.0
ORD-20101,CUST-1101,REST-529,2026-01-30 23:06:25,172.29,Credit Card,12.46
ORD-20102,CUST-1131,REST-534,2026-02-03 01:21:15,207.65,Apple Pay,19.25
ORD-20103,CUST-1257,REST-523,2026-03-05 06:36:24,147.59,Credit Card,9.49
ORD-20104,CUST-1005,REST-537,2026-01-05 02:03:33,83.51,Cash on Delivery,7.42
ORD-20105,CUST-1218,REST-511,2026-02-24 02:15:14,243.64,Credit Card,41.16
ORD-20106,CUST-1255,REST-506,2026-02-02 20:40:34,301.62,Apple Pay,0.0
ORD-20107,CUST-1283,REST-518,2026-02-15 23:06:25,157.37,Cash on Delivery,0.0
ORD-20108,CUST-1207,REST-521,2026-01-12 19:39:36,58.11,Apple Pay,0.0
ORD-20109,CUST-1015,REST-536,2026-02-12 16:12:42,249.85,Credit Card,13.43
ORD-20110,CUST-1042,REST-538,2026-03-16 20:49:20,115.6,Apple Pay,12.51
ORD-20111,CUST-1179,REST-534,2026-01-28 04:15:34,304.83,Apple Pay,0.0
ORD-20112,CUST-1063,REST-517,2026-03-31 19:07:06,283.91,Credit Card,0.0
ORD-20113,CUST-1231,REST-537,2026-02-11 20:49:35,68.8,Credit Card,0.0
ORD-20114,CUST-1241,REST-525,2026-02-17 05:49:21,285.87,Apple Pay,34.3
ORD-20115,CUST-1052,REST-538,2026-02-12 04:08:48,263.21,Apple Pay,33.54
ORD-20116,CUST-1096,REST-512,2026-03-16 03:13:35,228.52,Credit Card,8.13
ORD-20117,CUST-1222,REST-523,2026-02-02 20:08:21,117.62,Credit Card,11.82
ORD-20118,CUST-1231,REST-522,2026-03-19 01:20:01,202.01,Credit Card,0.0
ORD-20119,CUST-1237,REST-521,2026-02-11 02:32:23,33.46,Credit Card,8.04
ORD-20120,CUST-1143,REST-527,2026-02-05 18:30:35,250.35,Credit Card,34.28
ORD-20121,CUST-1171,REST-531,2026-02-19 03:52:04,226.04,Credit Card,0.0
ORD-20122,CUST-1029,REST-506,2026-02-13 20:55:21,82.82,Apple Pay,0.0
ORD-20123,CUST-1036,REST-527,2026-01-30 21:09:43,132.75,Credit Card,0.0
ORD-20124,CUST-1013,REST-540,2026-03-03 22:47:15,146.41,Apple Pay,31.1
ORD-20125,CUST-1160,REST-534,2026-01-23 22:35:53,280.25,Debit Card,30.16
ORD-20126,CUST-1187,REST-512,2026-03-11 19:54:38,286.5,Apple Pay,0.0
ORD-20127,CUST-1243,REST-507,2026-02-05 21:40:44,204.44,Credit Card,0.0
ORD-20128,CUST-1086,REST-510,2026-03-08 22:12:25,78.16,Credit Card,6.08
ORD-20129,CUST-1284,REST-517,2026-03-28 01:41:41,116.48,Apple Pay,0.0
ORD-20130,CUST-1066,REST-526,2026-01-31 01:49:15,242.33,Credit Card,0.0
ORD-20131,CUST-1170,REST-521,2026-02-04 21:10:17,102.26,Apple Pay,10.87
ORD-20132,CUST-1045,REST-528,2026-01-14 19:02:53,223.62,Cash on Delivery,0.0
ORD-20133,CUST-1062,REST-502,2026-01-08 22:57:24,91.23,Credit Card,0.0
ORD-20134,CUST-1134,REST-501,2026-01-18 20:59:31,48.93,Credit Card,5.47
ORD-20135,CUST-1284,REST-536,2026-03-24 20:22:01,61.41,Credit Card,0.0
ORD-20136,CUST-1028,REST-526,2026-01-09 18:55:27,173.43,Apple Pay,22.01
ORD-20137,CUST-1108,REST-529,2026-02-10 03:29:59,281.77,Apple Pay,15.68
ORD-20138,CUST-1044,REST-521,2026-03-04 22:26:06,108.58,Credit Card,0.0
ORD-20139,CUST-1286,REST-511,2026-01-02 19:13:53,141.98,Apple Pay,20.44
ORD-20140,CUST-1128,REST-540,2026-01-13 16:41:44,143.78,Credit Card,0.0
ORD-20141,CUST-1231,REST-511,2026-03-02 02:07:51,209.04,Credit Card,0.0
ORD-20142,CUST-1190,REST-536,2026-03-23 23:38:28,139.87,Apple Pay,0.0
ORD-20143,CUST-1225,REST-539,2026-01-10 04:57:59,189.1,Credit Card,0.0
ORD-20144,CUST-1283,REST-540,2026-01-22 03:47:33,242.8,Credit Card,0.0
ORD-20145,CUST-1121,REST-535,2026-02-14 20:18:43,127.65,Cash on Delivery,0.0
ORD-20146,CUST-1116,REST-534,2026-02-20 18:12:16,114.84,Credit Card,11.75
ORD-20147,CUST-1233,REST-524,2026-01-16 05:48:27,84.03,Cash on Delivery,0.0
ORD-20148,CUST-1259,REST-522,2026-02-07 18:39:27,180.85,Credit Card,0.0
ORD-20149,CUST-1198,REST-505,2026-03-08 18:49:13,175.62,Apple Pay,31.1
ORD-20150,CUST-1137,REST-533,2026-01-12 22:47:53,230.02,Credit Card,47.93
ORD-20151,CUST-1165,REST-536,2026-01-18 04:48:08,55.4,Credit Card,12.34
ORD-20152,CUST-1225,REST-520,2026-01-31 04:41:31,193.97,Credit Card,39.81
ORD-20153,CUST-1234,REST-519,2026-02-09 03:35:46,149.11,Apple Pay,0.0
ORD-20154,CUST-1172,REST-535,2026-01-07 20:29:10,58.11,Credit Card,8.93
ORD-20155,CUST-1152,REST-517,2026-03-27 02:12:49,213.06,Cash on Delivery,0.0
ORD-20156,CUST-1160,REST-534,2026-03-03 02:59:53,60.41,Apple Pay,12.31
ORD-20157,CUST-1096,REST-509,2026-01-08 22:03:07,213.95,Credit Card,0.0
ORD-20158,CUST-1233,REST-526,2026-03-31 00:36:38,234.1,Credit Card,0.0
ORD-20159,CUST-1180,REST-502,2026-04-01 03:09:16,76.52,Credit Card,0.0
ORD-20160,CUST-1113,REST-509,2026-03-12 04:34:57,80.09,Apple Pay,17.7
ORD-20161,CUST-1052,REST-509,2026-02-07 02:46:39,292.22,Apple Pay,0.0
ORD-20162,CUST-1268,REST-540,2026-03-12 23:07:02,259.74,Credit Card,42.01
ORD-20163,CUST-1295,REST-517,2026-02-04 01:05:30,172.71,Credit Card,0.0
ORD-20164,CUST-1113,REST-501,2026-03-18 03:26:52,134.36,Apple Pay,15.71
ORD-20165,CUST-1101,REST-525,2026-02-24 20:42:48,97.24,Credit Card,11.68
ORD-20166,CUST-1113,REST-540,2026-03-12 02:42:46,126.64,Apple Pay,14.08
ORD-20167,CUST-1081,REST-525,2026-01-16 20:39:09,129.46,Credit Card,19.53
ORD-20168,CUST-1187,REST-539,2026-02-21 05:36:34,187.96,Apple Pay,10.9
ORD-20169,CUST-1113,REST-535,2026-03-16 05:29:05,133.26,Apple Pay,15.88
ORD-20170,CUST-1002,REST-503,2026-02-26 16:28:53,108.26,Credit Card,0.0
ORD-20171,CUST-1130,REST-537,2026-03-26 18:40:41,104.87,Apple Pay,0.0
ORD-20172,CUST-1220,REST-530,2026-03-31 03:37:08,238.05,Debit Card,0.0
ORD-20173,CUST-1054,REST-538,2026-03-09 21:18:06,153.25,Cash on Delivery,14.61
ORD-20174,CUST-1224,REST-534,2026-02-18 05:36:25,82.89,Credit Card,0.0
ORD-20175,CUST-1225,REST-512,2026-01-04 02:30:23,146.86,Apple Pay,31.44
ORD-20176,CUST-1126,REST-519,2026-02-10 16:48:03,130.83,Credit Card,0.0
ORD-20177,CUST-1130,REST-537,2026-03-03 04:55:42,184.4,Credit Card,27.92
ORD-20178,CUST-1053,REST-517,2026-03-06 22:00:01,97.14,Credit Card,0.0
ORD-20179,CUST-1172,REST-510,2026-02-09 00:20:46,179.67,Cash on Delivery,16.99
ORD-20180,CUST-1218,REST-512,2026-01-21 19:56:45,185.19,Apple Pay,11.11
ORD-20181,CUST-1160,REST-516,2026-01-14 20:34:39,196.26,Debit Card,0.0
ORD-20182,CUST-1198,REST-524,2026-03-13 21:29:51,286.91,Credit Card,0.0
ORD-20183,CUST-1247,REST-519,2026-03-11 05:48:11,88.32,Apple Pay,0.0
ORD-20184,CUST-1203,REST-508,2026-02-25 02:05:47,110.32,Credit Card,26.43
ORD-20185,CUST-1184,REST-531,2026-03-22 03:51:26,325.15,Cash on Delivery,0.0
ORD-20186,CUST-1123,REST-521,2026-02-02 02:34:36,135.71,Apple Pay,0.0
ORD-20187,CUST-1255,REST-517,2026-01-17 06:36:54,153.57,Debit Card,0.0
ORD-20188,CUST-1294,REST-523,2026-01-28 02:00:32,260.72,Apple Pay,0.0
ORD-20189,CUST-1280,REST-537,2026-01-10 03:44:05,260.68,Credit Card,0.0
ORD-20190,CUST-1098,REST-516,2026-03-26 20:16:02,25.81,Cash on Delivery,5.09
ORD-20191,CUST-1198,REST-506,2026-03-26 22:26:40,90.29,Apple Pay,21.28
ORD-20192,CUST-1240,REST-508,2026-01-18 03:07:29,146.6,Credit Card,21.69
ORD-20193,CUST-1144,REST-525,2026-02-09 16:40:38,131.47,Credit Card,19.73
ORD-20194,CUST-1097,REST-518,2026-03-09 02:20:46,329.44,Debit Card,0.0
ORD-20195,CUST-1201,REST-525,2026-01-15 04:08:38,86.26,Cash on Delivery,7.37
ORD-20196,CUST-1124,REST-512,2026-01-23 20:24:55,313.96,Apple Pay,43.07
ORD-20197,CUST-1187,REST-515,2026-03-19 23:45:24,81.62,Apple Pay,0.0
ORD-20198,CUST-1259,REST-526,2026-02-21 03:13:08,143.81,Credit Card,0.0
ORD-20199,CUST-1148,REST-526,2026-01-20 04:00:55,222.15,Credit Card,28.52
ORD-20200,CUST-1252,REST-532,2026-02-21 21:07:52,74.6,Cash on Delivery,0.0
ORD-20201,CUST-1147,REST-510,2026-01-09 04:38:21,52.81,Apple Pay,6.73
ORD-20202,CUST-1148,REST-516,2026-02-04 20:42:49,146.66,Credit Card,0.0
ORD-20203,CUST-1199,REST-507,2026-03-15 03:55:34,256.06,Apple Pay,29.7
ORD-20204,CUST-1128,REST-517,2026-03-18 04:39:46,63.59,Credit Card,6.34
ORD-20205,CUST-1039,REST-523,2026-02-08 01:26:50,258.55,Credit Card,0.0
ORD-20206,CUST-1129,REST-526,2026-03-27 20:14:33,216.44,Apple Pay,0.0
ORD-20207,CUST-1267,REST-521,2026-03-23 20:58:05,84.84,Cash on Delivery,0.0
ORD-20208,CUST-1151,REST-522,2026-02-09 22:42:44,91.43,Apple Pay,0.0
ORD-20209,CUST-1298,REST-507,2026-01-08 17:56:32,74.13,Apple Pay,0.0
ORD-20210,CUST-1099,REST-514,2026-01-10 03:46:40,135.98,Credit Card,25.73
ORD-20211,CUST-1263,REST-515,2026-01-14 02:38:18,235.28,Apple Pay,0.0
ORD-20212,CUST-1252,REST-507,2026-03-14 04:45:44,87.94,Credit Card,19.04
ORD-20213,CUST-1144,REST-509,2026-01-09 04:33:22,123.95,Cash on Delivery,0.0
ORD-20214,CUST-1112,REST-508,2026-03-09 21:32:17,252.43,Credit Card,0.0
ORD-20215,CUST-1060,REST-523,2026-01-16 02:52:28,270.84,Credit Card,0.0
ORD-20216,CUST-1002,REST-529,2026-03-15 02:13:02,153.85,Cash on Delivery,9.66
ORD-20217,CUST-1254,REST-518,2026-01-17 06:55:16,206.83,Credit Card,0.0
ORD-20218,CUST-1140,REST-531,2026-03-27 03:18:24,297.45,Debit Card,0.0
ORD-20219,CUST-1037,REST-530,2026-02-14 21:47:37,274.37,Debit Card,0.0
ORD-20220,CUST-1160,REST-539,2026-03-21 03:15:39,318.98,Cash on Delivery,0.0
ORD-20221,CUST-1009,REST-535,2026-01-24 21:52:27,216.78,Credit Card,0.0
ORD-20222,CUST-1233,REST-518,2026-01-20 20:59:59,72.44,Cash on Delivery,7.78
ORD-20223,CUST-1099,REST-539,2026-02-08 02:57:33,261.79,Cash on Delivery,0.0
ORD-20224,CUST-1147,REST-517,2026-03-10 20:09:58,217.28,Credit Card,0.0
ORD-20225,CUST-1208,REST-514,2026-02-20 16:50:14,87.06,Credit Card,11.62
ORD-20226,CUST-1131,REST-531,2026-02-05 03:54:17,144.38,Cash on Delivery,0.0
ORD-20227,CUST-1152,REST-524,2026-01-23 00:32:40,195.05,Credit Card,0.0
ORD-20228,CUST-1054,REST-535,2026-02-12 03:31:50,65.47,Credit Card,0.0
ORD-20229,CUST-1120,REST-534,2026-03-09 21:18:23,238.76,Credit Card,0.0
ORD-20230,CUST-1161,REST-503,2026-03-24 02:46:23,227.73,Apple Pay,0.0
ORD-20231,CUST-1116,REST-537,2026-01-19 19:17:52,209.84,Debit Card,0.0
ORD-20232,CUST-1075,REST-540,2026-01-06 03:12:40,249.39,Cash on Delivery,28.46
ORD-20233,CUST-1113,REST-526,2026-02-22 04:43:57,258.57,Credit Card,41.32
ORD-20234,CUST-1104,REST-523,2026-03-05 23:46:16,101.34,Credit Card,0.0
ORD-20235,CUST-1254,REST-539,2026-01-05 03:32:47,243.45,Credit Card,0.0
ORD-20236,CUST-1227,REST-515,2026-01-19 20:50:58,194.07,Debit Card,6.03
ORD-20237,CUST-1112,REST-504,2026-03-28 02:41:09,266.59,Cash on Delivery,0.0
ORD-20238,CUST-1099,REST-529,2026-02-26 00:22:46,113.84,Credit Card,0.0
ORD-20239,CUST-1153,REST-522,2026-03-09 03:21:36,178.84,Apple Pay,0.0
ORD-20240,CUST-1194,REST-525,2026-01-02 02:50:39,223.46,Debit Card,49.61
ORD-20241,CUST-1163,REST-513,2026-03-16 20:59:13,239.37,Credit Card,0.0
ORD-20242,CUST-1208,REST-518,2026-02-09 19:21:41,240.03,Credit Card,40.16
ORD-20243,CUST-1169,REST-533,2026-01-31 20:24:02,95.44,Cash on Delivery,12.32
ORD-20244,CUST-1161,REST-516,2026-02-23 03:03:40,188.92,Credit Card,17.27
ORD-20245,CUST-1068,REST-502,2026-02-01 04:09:31,192.4,Apple Pay,0.0
ORD-20246,CUST-1289,REST-535,2026-01-14 22:43:51,312.3,Apple Pay,0.0
ORD-20247,CUST-1277,REST-534,2026-01-08 21:47:30,145.99,Apple Pay,0.0
ORD-20248,CUST-1135,REST-530,2026-03-20 19:34:57,282.01,Credit Card,0.0
ORD-20249,CUST-1195,REST-513,2026-01-08 15:57:43,234.02,Apple Pay,0.0
ORD-20250,CUST-1128,REST-513,2026-01-28 03:59:35,67.27,Apple Pay,12.97
ORD-20251,CUST-1033,REST-518,2026-02-20 18:55:22,275.2,Apple Pay,0.0
ORD-20252,CUST-1176,REST-532,2026-01-23 20:29:12,319.96,Apple Pay,0.0
ORD-20253,CUST-1022,REST-532,2026-03-14 19:09:18,221.49,Apple Pay,0.0
ORD-20254,CUST-1238,REST-535,2026-02-16 19:07:34,166.43,Credit Card,0.0
ORD-20255,CUST-1158,REST-539,2026-02-01 02:05:08,325.2,Cash on Delivery,20.98
ORD-20256,CUST-1038,REST-529,2026-02-03 22:05:06,269.83,Debit Card,22.68
ORD-20257,CUST-1230,REST-529,2026-02-23 20:24:20,196.61,Credit Card,0.0
ORD-20258,CUST-1051,REST-516,2026-02-13 17:57:45,224.98,Debit Card,43.48
ORD-20259,CUST-1264,REST-510,2026-02-04 23:33:37,43.09,Cash on Delivery,0.0
ORD-20260,CUST-1283,REST-530,2026-03-01 21:47:19,113.31,Credit Card,9.15
ORD-20261,CUST-1027,REST-525,2026-02-22 18:38:29,240.86,Credit Card,0.0
ORD-20262,CUST-1226,REST-539,2026-02-27 20:42:11,147.63,Credit Card,9.91
ORD-20263,CUST-1277,REST-520,2026-03-14 23:59:32,289.48,Apple Pay,0.0
ORD-20264,CUST-1286,REST-505,2026-01-29 20:25:33,169.79,Credit Card,0.0
ORD-20265,CUST-1097,REST-501,2026-01-09 20:51:31,297.49,Credit Card,49.66
ORD-20266,CUST-1284,REST-530,2026-03-31 20:27:56,198.84,Credit Card,45.34
ORD-20267,CUST-1147,REST-503,2026-03-09 21:16:10,309.15,Credit Card,38.83
ORD-20268,CUST-1004,REST-514,2026-03-02 00:24:40,34.18,Credit Card,5.8
ORD-20269,CUST-1035,REST-530,2026-03-16 17:27:49,203.31,Apple Pay,0.0
ORD-20270,CUST-1192,REST-504,2026-01-06 21:08:17,248.49,Credit Card,0.0
ORD-20271,CUST-1049,REST-518,2026-01-08 20:34:43,316.35,Credit Card,42.04
ORD-20272,CUST-1017,REST-537,2026-03-11 18:58:34,201.87,Credit Card,0.0
ORD-20273,CUST-1172,REST-525,2026-01-11 22:13:18,191.42,Credit Card,0.0
ORD-20274,CUST-1220,REST-501,2026-01-30 04:28:16,130.29,Apple Pay,0.0
ORD-20275,CUST-1158,REST-515,2026-01-09 03:26:46,265.82,Credit Card,39.7
ORD-20276,CUST-1046,REST-509,2026-03-28 01:25:09,250.32,Cash on Delivery,0.0
ORD-20277,CUST-1006,REST-515,2026-03-07 23:38:26,98.96,Credit Card,0.0
ORD-20278,CUST-1099,REST-524,2026-01-09 20:44:26,25.0,Credit Card,0.0
ORD-20279,CUST-1233,REST-504,2026-01-21 03:24:34,303.13,Credit Card,0.0
ORD-20280,CUST-1037,REST-512,2026-03-26 01:12:03,113.76,Credit Card,0.0
ORD-20281,CUST-1280,REST-537,2026-01-11 03:27:40,112.19,Apple Pay,0.0
ORD-20282,CUST-1181,REST-537,2026-03-10 00:56:55,147.77,Cash on Delivery,13.08
ORD-20283,CUST-1095,REST-506,2026-02-17 04:21:39,86.31,Credit Card,11.73
ORD-20284,CUST-1099,REST-539,2026-01-08 20:09:47,234.43,Apple Pay,8.53
ORD-20285,CUST-1188,REST-524,2026-02-06 22:35:23,235.88,Credit Card,0.0
ORD-20286,CUST-1116,REST-511,2026-03-08 23:46:22,282.82,Apple Pay,0.0
ORD-20287,CUST-1191,REST-513,2026-02-23 03:51:56,216.2,Cash on Delivery,0.0
ORD-20288,CUST-1253,REST-534,2026-03-26 21:00:50,235.66,Credit Card,42.24
ORD-20289,CUST-1161,REST-525,2026-02-11 03:13:57,100.95,Apple Pay,19.06
ORD-20290,CUST-1256,REST-507,2026-02-17 03:30:15,241.87,Credit Card,13.79
ORD-20291,CUST-1128,REST-504,2026-02-01 03:17:58,129.42,Debit Card,24.18
ORD-20292,CUST-1018,REST-508,2026-03-10 05:33:24,196.12,Debit Card,0.0
ORD-20293,CUST-1281,REST-520,2026-03-29 20:10:31,198.04,Cash on Delivery,22.11
ORD-20294,CUST-1223,REST-529,2026-02-26 21:54:40,254.45,Credit Card,48.66
ORD-20295,CUST-1054,REST-510,2026-03-05 03:33:46,99.87,Apple Pay,15.91
ORD-20296,CUST-1058,REST-534,2026-01-18 16:40:51,162.89,Apple Pay,35.82
ORD-20297,CUST-1174,REST-526,2026-03-30 02:04:05,285.19,Apple Pay,0.0
ORD-20298,CUST-1280,REST-503,2026-01-14 05:22:18,249.23,Credit Card,0.0
ORD-20299,CUST-1114,REST-506,2026-01-23 21:13:50,120.72,Apple Pay,11.31
ORD-20300,CUST-1288,REST-505,2026-03-25 02:42:15,278.5,Cash on Delivery,5.55
ORD-20301,CUST-1151,REST-505,2026-01-13 02:23:04,38.22,Credit Card,0.0
ORD-20302,CUST-1127,REST-523,2026-01-20 02:52:01,115.0,Debit Card,0.0
ORD-20303,CUST-1155,REST-509,2026-03-28 20:05:53,143.15,Credit Card,0.0
ORD-20304,CUST-1273,REST-535,2026-03-31 22:06:16,165.36,Apple Pay,0.0
ORD-20305,CUST-1104,REST-520,2026-03-25 22:18:48,265.83,Cash on Delivery,10.23
ORD-20306,CUST-1299,REST-535,2026-01-25 02:13:25,146.68,Apple Pay,15.3
ORD-20307,CUST-1246,REST-518,2026-02-24 02:07:19,308.26,Credit Card,0.0
ORD-20308,CUST-1176,REST-517,2026-01-28 02:30:31,66.3,Credit Card,0.0
ORD-20309,CUST-1039,REST-524,2026-03-24 19:03:52,123.4,Credit Card,0.0
ORD-20310,CUST-1170,REST-503,2026-01-23 02:16:24,73.88,Credit Card,0.0
ORD-20311,CUST-1247,REST-532,2026-03-25 05:32:08,113.3,Apple Pay,0.0
ORD-20312,CUST-1026,REST-535,2026-01-27 22:26:51,44.63,Debit Card,0.0
ORD-20313,CUST-1013,REST-538,2026-03-14 22:08:55,98.48,Apple Pay,0.0
ORD-20314,CUST-1036,REST-513,2026-02-08 20:19:46,108.19,Apple Pay,0.0
ORD-20315,CUST-1173,REST-525,2026-02-18 03:58:49,197.39,Apple Pay,0.0
ORD-20316,CUST-1020,REST-509,2026-01-11 04:06:35,144.13,Credit Card,0.0
ORD-20317,CUST-1264,REST-504,2026-01-08 18:37:16,67.01,Apple Pay,0.0
ORD-20318,CUST-1142,REST-514,2026-02-24 04:13:55,280.16,Cash on Delivery,21.81
ORD-20319,CUST-1143,REST-537,2026-02-09 22:45:42,129.08,Credit Card,19.78
ORD-20320,CUST-1092,REST-534,2026-02-26 20:17:06,319.18,Apple Pay,38.27
ORD-20321,CUST-1288,REST-511,2026-02-25 02:30:49,274.14,Apple Pay,19.72
ORD-20322,CUST-1215,REST-503,2026-01-22 02:57:44,245.84,Cash on Delivery,41.78
ORD-20323,CUST-1051,REST-528,2026-01-27 23:10:24,224.48,Debit Card,0.0
ORD-20324,CUST-1153,REST-529,2026-02-02 02:52:35,202.61,Apple Pay,0.0
ORD-20325,CUST-1186,REST-509,2026-03-02 22:42:44,105.81,Credit Card,5.63
ORD-20326,CUST-1063,REST-503,2026-03-28 22:27:56,79.67,Credit Card,10.29
ORD-20327,CUST-1190,REST-525,2026-01-23 22:51:39,226.85,Apple Pay,0.0
ORD-20328,CUST-1125,REST-534,2026-03-22 22:23:41,253.82,Credit Card,0.0
ORD-20329,CUST-1150,REST-512,2026-01-28 21:24:54,255.63,Apple Pay,38.21
ORD-20330,CUST-1058,REST-509,2026-01-09 22:23:18,57.46,Credit Card,0.0
ORD-20331,CUST-1180,REST-515,2026-01-02 02:35:46,162.27,Cash on Delivery,35.58
ORD-20332,CUST-1170,REST-540,2026-01-17 20:01:25,225.78,Credit Card,33.71
ORD-20333,CUST-1271,REST-525,2026-01-18 04:51:02,184.04,Apple Pay,0.0
ORD-20334,CUST-1054,REST-505,2026-03-14 23:47:28,161.94,Credit Card,0.0
ORD-20335,CUST-1101,REST-511,2026-03-19 23:08:01,91.28,Apple Pay,0.0
ORD-20336,CUST-1264,REST-534,2026-01-19 04:40:01,82.22,Credit Card,11.37
ORD-20337,CUST-1053,REST-524,2026-02-27 06:14:01,144.24,Credit Card,0.0
ORD-20338,CUST-1060,REST-515,2026-03-24 18:07:39,275.56,Apple Pay,41.64
ORD-20339,CUST-1108,REST-538,2026-01-30 20:43:08,188.78,Credit Card,0.0
ORD-20340,CUST-1005,REST-508,2026-01-08 22:44:36,153.04,Apple Pay,0.0
ORD-20341,CUST-1103,REST-505,2026-03-25 02:17:58,236.28,Cash on Delivery,0.0
ORD-20342,CUST-1196,REST-526,2026-01-17 02:54:20,317.97,Apple Pay,0.0
ORD-20343,CUST-1262,REST-518,2026-02-11 21:59:53,264.99,Credit Card,8.49
ORD-20344,CUST-1047,REST-506,2026-03-18 01:56:14,168.3,Apple Pay,37.79
ORD-20345,CUST-1144,REST-537,2026-03-04 03:24:56,273.98,Credit Card,0.0
ORD-20346,CUST-1269,REST-513,2026-01-22 02:02:26,65.89,Credit Card,9.41
ORD-20347,CUST-1124,REST-528,2026-03-12 03:49:36,164.55,Credit Card,31.47
ORD-20348,CUST-1106,REST-505,2026-01-22 04:11:04,115.68,Credit Card,0.0
ORD-20349,CUST-1158,REST-513,2026-01-29 22:00:37,241.77,Credit Card,0.0
ORD-20350,CUST-1147,REST-517,2026-01-12 21:17:26,188.45,Apple Pay,15.33
ORD-20351,CUST-1145,REST-540,2026-01-13 19:43:10,117.15,Credit Card,0.0
ORD-20352,CUST-1120,REST-532,2026-02-07 16:10:49,200.84,Apple Pay,0.0
ORD-20353,CUST-1275,REST-529,2026-03-21 22:07:18,177.93,Credit Card,13.04
ORD-20354,CUST-1092,REST-503,2026-02-13 01:44:18,145.05,Apple Pay,0.0
ORD-20355,CUST-1058,REST-540,2026-02-20 22:35:03,202.64,Credit Card,0.0
ORD-20356,CUST-1229,REST-534,2026-03-03 02:45:53,231.48,Credit Card,35.55
ORD-20357,CUST-1117,REST-540,2026-03-31 01:58:21,154.49,Cash on Delivery,33.82
ORD-20358,CUST-1279,REST-527,2026-03-28 01:04:28,175.94,Cash on Delivery,0.0
ORD-20359,CUST-1127,REST-513,2026-03-21 03:42:19,89.58,Apple Pay,18.09
ORD-20360,CUST-1129,REST-533,2026-02-18 21:21:53,284.45,Credit Card,0.0
ORD-20361,CUST-1058,REST-506,2026-02-09 20:09:19,241.85,Apple Pay,23.21
ORD-20362,CUST-1122,REST-524,2026-02-25 20:48:22,43.41,Credit Card,10.28
ORD-20363,CUST-1001,REST-519,2026-02-26 22:27:52,57.08,Apple Pay,0.0
ORD-20364,CUST-1239,REST-516,2026-03-06 04:19:18,321.86,Apple Pay,25.27
ORD-20365,CUST-1290,REST-540,2026-02-19 19:55:31,259.97,Credit Card,6.93
ORD-20366,CUST-1096,REST-528,2026-02-25 20:06:45,96.13,Apple Pay,18.45
ORD-20367,CUST-1126,REST-533,2026-02-06 02:26:35,193.38,Credit Card,0.0
ORD-20368,CUST-1118,REST-513,2026-03-28 18:18:54,136.7,Apple Pay,0.0
ORD-20369,CUST-1048,REST-525,2026-01-25 02:34:59,201.16,Cash on Delivery,0.0
ORD-20370,CUST-1089,REST-536,2026-02-22 21:58:21,173.16,Apple Pay,33.78
ORD-20371,CUST-1237,REST-527,2026-01-15 17:46:38,247.76,Credit Card,32.92
ORD-20372,CUST-1272,REST-538,2026-03-26 23:01:08,173.59,Credit Card,33.8
ORD-20373,CUST-1189,REST-507,2026-01-16 21:01:58,120.85,Apple Pay,27.42
ORD-20374,CUST-1192,REST-505,2026-03-25 03:53:25,178.12,Credit Card,0.0
ORD-20375,CUST-1069,REST-531,2026-03-05 01:13:52,256.76,Credit Card,0.0
ORD-20376,CUST-1278,REST-523,2026-02-08 04:58:56,192.94,Credit Card,26.92
ORD-20377,CUST-1247,REST-510,2026-02-19 02:26:04,189.09,Credit Card,32.88
ORD-20378,CUST-1076,REST-532,2026-01-23 03:42:41,109.35,Apple Pay,21.71
ORD-20379,CUST-1154,REST-530,2026-01-15 20:09:57,107.75,Cash on Delivery,0.0
ORD-20380,CUST-1144,REST-539,2026-04-01 02:58:38,221.95,Credit Card,41.67
ORD-20381,CUST-1086,REST-531,2026-01-18 02:07:31,172.69,Credit Card,0.0
ORD-20382,CUST-1185,REST-518,2026-02-25 02:12:51,215.7,Credit Card,0.0
ORD-20383,CUST-1285,REST-536,2026-01-31 00:44:08,33.59,Cash on Delivery,7.14
ORD-20384,CUST-1220,REST-502,2026-01-13 02:10:56,224.86,Cash on Delivery,19.64
ORD-20385,CUST-1069,REST-514,2026-03-03 17:24:42,136.29,Cash on Delivery,12.24
ORD-20386,CUST-1047,REST-513,2026-02-25 21:42:37,220.24,Credit Card,19.7
ORD-20387,CUST-1094,REST-529,2026-01-11 21:08:50,245.7,Credit Card,0.0
ORD-20388,CUST-1238,REST-512,2026-02-25 20:47:37,136.12,Credit Card,0.0
ORD-20389,CUST-1204,REST-539,2026-02-27 22:53:31,143.53,Credit Card,12.17
ORD-20390,CUST-1218,REST-502,2026-02-25 21:53:41,79.37,Apple Pay,5.58
ORD-20391,CUST-1039,REST-532,2026-03-21 22:25:43,56.36,Apple Pay,10.34
ORD-20392,CUST-1100,REST-513,2026-01-26 03:52:57,42.68,Cash on Delivery,0.0
ORD-20393,CUST-1289,REST-527,2026-01-10 20:12:04,60.3,Credit Card,0.0
ORD-20394,CUST-1254,REST-517,2026-02-13 22:24:22,136.68,Credit Card,0.0
ORD-20395,CUST-1222,REST-540,2026-02-24 19:41:24,144.67,Debit Card,30.07
ORD-20396,CUST-1023,REST-531,2026-03-27 03:27:51,279.68,Credit Card,0.0
ORD-20397,CUST-1250,REST-534,2026-01-22 01:54:04,132.42,Credit Card,9.7
ORD-20398,CUST-1010,REST-524,2026-01-22 03:15:39,68.87,Apple Pay,8.36
ORD-20399,CUST-1246,REST-535,2026-03-17 03:00:57,245.69,Apple Pay,0.0
ORD-20400,CUST-1100,REST-506,2026-03-15 03:48:00,50.8,Apple Pay,6.31
ORD-20401,CUST-1290,REST-519,2026-03-19 01:48:27,199.78,Apple Pay,42.67
ORD-20402,CUST-1180,REST-530,2026-01-31 17:04:00,214.85,Apple Pay,0.0
ORD-20403,CUST-1223,REST-507,2026-02-24 04:00:16,64.19,Cash on Delivery,5.87
ORD-20404,CUST-1250,REST-510,2026-03-31 20:25:16,226.17,Apple Pay,7.99
ORD-20405,CUST-1147,REST-532,2026-01-16 03:15:12,96.56,Apple Pay,0.0
ORD-20406,CUST-1096,REST-534,2026-03-27 18:10:24,78.86,Debit Card,10.52
ORD-20407,CUST-1257,REST-528,2026-01-18 21:48:13,128.06,Credit Card,0.0
ORD-20408,CUST-1004,REST-515,2026-02-04 18:12:19,283.83,Apple Pay,47.33
ORD-20409,CUST-1016,REST-530,2026-01-18 04:43:00,90.91,Credit Card,0.0
ORD-20410,CUST-1280,REST-537,2026-03-10 00:02:27,283.33,Cash on Delivery,0.0
ORD-20411,CUST-1247,REST-529,2026-01-08 23:30:30,256.3,Credit Card,0.0
ORD-20412,CUST-1258,REST-522,2026-02-26 21:24:09,89.08,Credit Card,0.0
ORD-20413,CUST-1160,REST-504,2026-02-15 02:23:05,160.12,Cash on Delivery,20.4
ORD-20414,CUST-1152,REST-520,2026-01-18 20:48:31,94.67,Credit Card,0.0
ORD-20415,CUST-1178,REST-532,2026-01-12 02:22:03,88.07,Credit Card,0.0
ORD-20416,CUST-1163,REST-536,2026-01-22 19:07:47,40.95,Credit Card,9.07
ORD-20417,CUST-1033,REST-504,2026-01-15 02:41:58,275.49,Credit Card,0.0
ORD-20418,CUST-1179,REST-527,2026-03-28 22:19:33,220.2,Cash on Delivery,0.0
ORD-20419,CUST-1101,REST-517,2026-02-27 21:33:24,274.04,Credit Card,17.31
ORD-20420,CUST-1268,REST-512,2026-01-22 04:58:54,75.98,Debit Card,0.0
ORD-20421,CUST-1065,REST-522,2026-03-16 22:42:17,89.53,Credit Card,0.0
ORD-20422,CUST-1168,REST-517,2026-02-16 20:31:11,201.44,Debit Card,13.97
ORD-20423,CUST-1043,REST-510,2026-03-20 20:58:46,239.23,Cash on Delivery,5.71
ORD-20424,CUST-1044,REST-501,2026-03-04 20:49:35,199.8,Apple Pay,0.0
ORD-20425,CUST-1285,REST-522,2026-01-30 21:06:09,268.75,Credit Card,10.55
ORD-20426,CUST-1012,REST-526,2026-02-16 00:04:41,140.77,Apple Pay,31.87
ORD-20427,CUST-1095,REST-518,2026-03-11 20:59:21,99.75,Apple Pay,0.0
ORD-20428,CUST-1253,REST-514,2026-01-13 20:46:28,113.61,Debit Card,11.54
ORD-20429,CUST-1242,REST-529,2026-02-07 20:39:14,242.95,Credit Card,0.0
ORD-20430,CUST-1035,REST-512,2026-03-16 21:43:03,178.67,Credit Card,43.47
ORD-20431,CUST-1215,REST-536,2026-01-19 20:21:34,134.65,Credit Card,15.53
ORD-20432,CUST-1090,REST-535,2026-01-10 22:47:23,141.06,Cash on Delivery,10.3
ORD-20433,CUST-1264,REST-512,2026-01-01 19:10:03,61.44,Credit Card,7.59
ORD-20434,CUST-1093,REST-507,2026-03-07 02:45:41,216.68,Cash on Delivery,33.23
ORD-20435,CUST-1090,REST-529,2026-02-20 02:30:02,134.17,Apple Pay,0.0
ORD-20436,CUST-1115,REST-511,2026-03-01 16:17:37,149.96,Debit Card,0.0
ORD-20437,CUST-1105,REST-533,2026-02-11 20:44:15,92.92,Cash on Delivery,0.0
ORD-20438,CUST-1196,REST-506,2026-02-01 22:55:11,143.91,Apple Pay,28.56
ORD-20439,CUST-1114,REST-515,2026-02-09 01:58:50,204.54,Cash on Delivery,0.0
ORD-20440,CUST-1075,REST-532,2026-01-16 04:24:19,68.53,Cash on Delivery,0.0
ORD-20441,CUST-1217,REST-511,2026-01-15 03:55:11,205.2,Apple Pay,0.0
ORD-20442,CUST-1277,REST-523,2026-02-26 03:19:44,182.83,Apple Pay,0.0
ORD-20443,CUST-1249,REST-526,2026-03-11 02:29:50,151.74,Debit Card,29.82
ORD-20444,CUST-1164,REST-534,2026-01-14 19:35:31,160.68,Apple Pay,0.0
ORD-20445,CUST-1192,REST-534,2026-01-27 22:29:58,103.23,Credit Card,0.0
ORD-20446,CUST-1227,REST-529,2026-02-23 18:22:39,105.96,Cash on Delivery,0.0
ORD-20447,CUST-1177,REST-504,2026-01-23 02:02:59,93.75,Apple Pay,0.0
ORD-20448,CUST-1099,REST-517,2026-02-09 06:15:10,276.48,Credit Card,0.0
ORD-20449,CUST-1036,REST-535,2026-02-27 22:56:16,158.81,Credit Card,0.0
ORD-20450,CUST-1096,REST-513,2026-03-01 19:17:43,62.68,Credit Card,0.0
ORD-20451,CUST-1152,REST-539,2026-02-15 03:04:59,92.7,Apple Pay,0.0
ORD-20452,CUST-1151,REST-515,2026-03-13 19:28:25,271.27,Apple Pay,0.0
ORD-20453,CUST-1190,REST-529,2026-02-09 06:07:30,125.75,Credit Card,0.0
ORD-20454,CUST-1224,REST-529,2026-01-20 02:34:51,207.59,Credit Card,0.0
ORD-20455,CUST-1037,REST-511,2026-02-22 03:51:06,134.53,Credit Card,0.0
ORD-20456,CUST-1268,REST-532,2026-02-13 05:23:45,106.57,Debit Card,0.0
ORD-20457,CUST-1183,REST-502,2026-01-04 22:35:06,122.36,Apple Pay,0.0
ORD-20458,CUST-1013,REST-514,2026-01-23 21:30:46,98.55,Apple Pay,0.0
ORD-20459,CUST-1279,REST-520,2026-02-05 02:08:02,271.86,Debit Card,0.0
ORD-20460,CUST-1217,REST-522,2026-02-20 16:49:46,160.09,Debit Card,14.56
ORD-20461,CUST-1286,REST-511,2026-01-22 19:44:40,255.61,Credit Card,40.29
ORD-20462,CUST-1273,REST-527,2026-02-02 19:48:59,79.17,Credit Card,17.66
ORD-20463,CUST-1062,REST-503,2026-02-20 04:31:07,283.37,Credit Card,0.0
ORD-20464,CUST-1084,REST-517,2026-01-18 20:26:15,152.21,Credit Card,0.0
ORD-20465,CUST-1217,REST-528,2026-03-31 22:30:03,295.1,Credit Card,28.92
ORD-20466,CUST-1187,REST-529,2026-03-31 20:59:00,213.95,Credit Card,0.0
ORD-20467,CUST-1019,REST-521,2026-01-24 22:26:17,66.92,Credit Card,0.0
ORD-20468,CUST-1177,REST-516,2026-01-27 21:41:20,142.71,Credit Card,0.0
ORD-20469,CUST-1100,REST-537,2026-02-13 16:56:06,249.35,Apple Pay,23.49
ORD-20470,CUST-1233,REST-520,2026-01-12 03:06:03,108.33,Credit Card,0.0
ORD-20471,CUST-1076,REST-506,2026-01-25 22:14:54,50.18,Apple Pay,0.0
ORD-20472,CUST-1265,REST-519,2026-02-27 20:17:04,174.2,Credit Card,0.0
ORD-20473,CUST-1284,REST-505,2026-01-16 02:56:46,233.42,Apple Pay,0.0
ORD-20474,CUST-1206,REST-503,2026-02-07 23:05:02,247.64,Apple Pay,0.0
ORD-20475,CUST-1223,REST-501,2026-02-15 00:01:12,137.79,Debit Card,0.0
ORD-20476,CUST-1052,REST-538,2026-03-12 17:29:21,164.96,Credit Card,0.0
ORD-20477,CUST-1144,REST-515,2026-02-25 22:39:11,231.46,Credit Card,30.85
ORD-20478,CUST-1069,REST-534,2026-01-24 06:36:04,187.3,Cash on Delivery,8.2
ORD-20479,CUST-1099,REST-535,2026-03-01 20:23:50,164.46,Credit Card,0.0
ORD-20480,CUST-1025,REST-525,2026-02-16 06:40:02,78.31,Cash on Delivery,0.0
ORD-20481,CUST-1053,REST-524,2026-03-10 18:39:17,254.43,Credit Card,0.0
ORD-20482,CUST-1151,REST-512,2026-03-18 21:49:54,219.28,Apple Pay,0.0
ORD-20483,CUST-1144,REST-518,2026-02-13 22:56:50,29.27,Debit Card,6.23
ORD-20484,CUST-1057,REST-515,2026-03-02 01:07:27,278.96,Credit Card,0.0
ORD-20485,CUST-1039,REST-516,2026-02-10 00:09:22,272.64,Debit Card,15.08
ORD-20486,CUST-1109,REST-527,2026-03-13 20:41:21,84.67,Cash on Delivery,0.0
ORD-20487,CUST-1181,REST-508,2026-03-06 03:38:22,74.58,Credit Card,17.83
ORD-20488,CUST-1042,REST-525,2026-01-23 21:30:17,232.74,Credit Card,48.3
ORD-20489,CUST-1186,REST-517,2026-01-06 21:48:44,115.5,Apple Pay,0.0
ORD-20490,CUST-1223,REST-529,2026-01-20 20:46:27,72.88,Credit Card,0.0
ORD-20491,CUST-1122,REST-508,2026-02-07 17:57:13,306.35,Credit Card,0.0
ORD-20492,CUST-1133,REST-515,2026-03-06 00:09:44,236.08,Credit Card,0.0
ORD-20493,CUST-1163,REST-527,2026-03-30 21:16:18,121.9,Credit Card,28.8
ORD-20494,CUST-1215,REST-507,2026-02-03 20:35:54,121.8,Apple Pay,0.0
ORD-20495,CUST-1221,REST-503,2026-02-17 20:19:41,120.28,Apple Pay,0.0
ORD-20496,CUST-1235,REST-529,2026-01-15 21:26:08,153.2,Credit Card,22.99
ORD-20497,CUST-1146,REST-524,2026-03-10 22:08:14,135.47,Credit Card,12.25
ORD-20498,CUST-1239,REST-503,2026-03-02 21:04:02,103.62,Apple Pay,0.0
ORD-20499,CUST-1076,REST-520,2026-02-12 04:50:12,129.88,Credit Card,0.0
ORD-20500,CUST-1009,REST-515,2026-02-26 05:26:39,256.78,Debit Card,0.0
ORD-20501,CUST-1074,REST-525,2026-03-30 20:09:43,128.78,Apple Pay,30.75
ORD-20502,CUST-1253,REST-530,2026-03-11 21:29:17,152.47,Credit Card,5.85
ORD-20503,CUST-1230,REST-514,2026-03-04 03:10:40,88.74,Apple Pay,0.0
ORD-20504,CUST-1007,REST-507,2026-03-25 04:56:29,90.51,Apple Pay,0.0
ORD-20505,CUST-1174,REST-517,2026-03-22 03:36:16,179.35,Cash on Delivery,0.0
ORD-20506,CUST-1141,REST-520,2026-01-24 17:56:28,131.63,Cash on Delivery,24.27
ORD-20507,CUST-1168,REST-536,2026-01-29 03:29:13,230.27,Apple Pay,12.34
ORD-20508,CUST-1170,REST-509,2026-02-21 05:27:21,84.92,Cash on Delivery,7.2
ORD-20509,CUST-1283,REST-538,2026-02-05 04:50:44,276.25,Debit Card,0.0
ORD-20510,CUST-1122,REST-522,2026-02-11 03:39:52,57.47,Credit Card,0.0
ORD-20511,CUST-1194,REST-502,2026-02-18 03:24:02,254.31,Credit Card,0.0
ORD-20512,CUST-1005,REST-524,2026-01-17 21:38:22,167.85,Debit Card,0.0
ORD-20513,CUST-1029,REST-508,2026-02-20 01:55:14,191.52,Credit Card,21.07
ORD-20514,CUST-1165,REST-511,2026-02-02 07:42:48,48.77,Cash on Delivery,6.61
ORD-20515,CUST-1136,REST-513,2026-03-23 22:19:54,141.14,Debit Card,0.0
ORD-20516,CUST-1145,REST-517,2026-03-22 22:11:55,67.89,Cash on Delivery,0.0
ORD-20517,CUST-1217,REST-508,2026-02-12 22:46:54,244.01,Apple Pay,0.0
ORD-20518,CUST-1132,REST-521,2026-03-10 20:11:50,178.52,Apple Pay,0.0
ORD-20519,CUST-1292,REST-518,2026-03-28 03:10:33,78.19,Cash on Delivery,0.0
ORD-20520,CUST-1070,REST-530,2026-01-01 18:58:17,242.15,Credit Card,0.0
ORD-20521,CUST-1252,REST-518,2026-03-02 07:12:33,89.45,Apple Pay,0.0
ORD-20522,CUST-1275,REST-531,2026-03-19 03:39:38,89.33,Debit Card,0.0
ORD-20523,CUST-1182,REST-538,2026-02-27 17:01:55,303.4,Credit Card,0.0
ORD-20524,CUST-1167,REST-532,2026-02-19 04:35:28,116.34,Cash on Delivery,0.0
ORD-20525,CUST-1091,REST-511,2026-02-20 16:14:23,51.93,Credit Card,7.88
ORD-20526,CUST-1202,REST-525,2026-02-16 20:10:56,83.91,Credit Card,7.5
ORD-20527,CUST-1019,REST-533,2026-01-30 03:33:33,69.91,Cash on Delivery,12.21
ORD-20528,CUST-1039,REST-538,2026-03-28 20:31:55,217.66,Apple Pay,23.5
ORD-20529,CUST-1126,REST-508,2026-01-02 03:25:05,232.79,Apple Pay,14.07
ORD-20530,CUST-1173,REST-511,2026-03-02 23:19:15,184.55,Cash on Delivery,0.0
ORD-20531,CUST-1141,REST-522,2026-01-07 20:01:43,208.81,Cash on Delivery,0.0
ORD-20532,CUST-1242,REST-524,2026-01-02 20:14:36,200.52,Credit Card,0.0
ORD-20533,CUST-1220,REST-517,2026-02-27 18:06:05,241.82,Cash on Delivery,0.0
ORD-20534,CUST-1126,REST-512,2026-01-27 03:24:44,113.4,Apple Pay,12.57
ORD-20535,CUST-1058,REST-532,2026-03-22 06:43:15,266.84,Apple Pay,30.89
ORD-20536,CUST-1148,REST-515,2026-02-11 00:01:02,95.36,Credit Card,0.0
ORD-20537,CUST-1001,REST-516,2026-01-15 01:54:38,84.5,Apple Pay,9.05
ORD-20538,CUST-1190,REST-522,2026-03-16 05:39:41,73.4,Credit Card,6.51
ORD-20539,CUST-1191,REST-528,2026-03-22 20:55:49,71.78,Debit Card,0.0
ORD-20540,CUST-1117,REST-520,2026-03-01 16:12:32,47.1,Credit Card,0.0
ORD-20541,CUST-1134,REST-533,2026-03-29 19:50:32,163.09,Credit Card,0.0
ORD-20542,CUST-1058,REST-510,2026-01-09 21:07:52,165.61,Apple Pay,6.84
ORD-20543,CUST-1044,REST-540,2026-01-30 00:31:16,225.96,Apple Pay,0.0
ORD-20544,CUST-1173,REST-532,2026-03-15 04:17:30,164.41,Apple Pay,0.0
ORD-20545,CUST-1160,REST-533,2026-03-18 20:03:27,178.68,Cash on Delivery,33.83
ORD-20546,CUST-1173,REST-502,2026-01-26 20:34:17,254.57,Credit Card,32.65
ORD-20547,CUST-1149,REST-533,2026-02-02 22:48:02,150.44,Cash on Delivery,0.0
ORD-20548,CUST-1080,REST-533,2026-01-07 21:29:15,243.77,Credit Card,0.0
ORD-20549,CUST-1213,REST-513,2026-03-14 03:20:05,199.58,Apple Pay,0.0
ORD-20550,CUST-1203,REST-530,2026-03-12 23:48:44,87.2,Credit Card,20.43
ORD-20551,CUST-1252,REST-533,2026-01-30 21:22:43,136.16,Credit Card,27.65
ORD-20552,CUST-1229,REST-513,2026-02-17 15:49:41,55.01,Credit Card,0.0
ORD-20553,CUST-1164,REST-526,2026-01-21 01:55:54,98.49,Cash on Delivery,16.1
ORD-20554,CUST-1227,REST-522,2026-01-06 23:25:21,196.04,Apple Pay,0.0
ORD-20555,CUST-1147,REST-539,2026-02-18 01:05:26,307.15,Credit Card,0.0
ORD-20556,CUST-1020,REST-502,2026-03-11 02:31:08,110.19,Credit Card,15.01
ORD-20557,CUST-1047,REST-538,2026-01-12 02:27:23,97.35,Debit Card,0.0
ORD-20558,CUST-1233,REST-539,2026-02-03 17:55:16,106.61,Credit Card,0.0
ORD-20559,CUST-1014,REST-526,2026-01-14 02:06:21,294.19,Credit Card,0.0
ORD-20560,CUST-1143,REST-515,2026-01-06 20:46:10,213.32,Apple Pay,36.53
ORD-20561,CUST-1001,REST-534,2026-02-23 02:10:19,260.04,Apple Pay,32.86
ORD-20562,CUST-1054,REST-540,2026-03-27 03:29:49,196.79,Credit Card,0.0
ORD-20563,CUST-1259,REST-511,2026-02-07 17:37:21,258.11,Credit Card,0.0
ORD-20564,CUST-1144,REST-503,2026-01-24 21:44:07,188.51,Apple Pay,0.0
ORD-20565,CUST-1012,REST-506,2026-01-18 18:43:51,271.74,Credit Card,0.0
ORD-20566,CUST-1224,REST-509,2026-02-02 06:11:10,175.91,Credit Card,36.96
ORD-20567,CUST-1272,REST-506,2026-02-03 03:10:46,188.42,Apple Pay,0.0
ORD-20568,CUST-1156,REST-509,2026-03-30 02:22:43,241.5,Cash on Delivery,31.24
ORD-20569,CUST-1008,REST-539,2026-02-03 01:32:24,282.88,Apple Pay,0.0
ORD-20570,CUST-1122,REST-531,2026-02-23 20:01:23,218.61,Apple Pay,0.0
ORD-20571,CUST-1164,REST-532,2026-02-23 20:22:02,160.08,Credit Card,0.0
ORD-20572,CUST-1090,REST-512,2026-01-29 00:26:21,252.47,Credit Card,22.82
ORD-20573,CUST-1136,REST-508,2026-02-10 03:06:31,212.41,Credit Card,16.29
ORD-20574,CUST-1186,REST-508,2026-02-20 03:47:06,136.09,Debit Card,0.0
ORD-20575,CUST-1178,REST-528,2026-03-06 20:36:25,144.02,Apple Pay,0.0
ORD-20576,CUST-1028,REST-520,2026-02-09 20:45:15,329.43,Credit Card,44.27
ORD-20577,CUST-1220,REST-507,2026-01-12 21:38:32,291.38,Credit Card,24.89
ORD-20578,CUST-1041,REST-511,2026-02-25 19:28:45,176.22,Cash on Delivery,30.34
ORD-20579,CUST-1228,REST-520,2026-02-07 21:29:06,90.4,Apple Pay,15.24
ORD-20580,CUST-1192,REST-516,2026-01-16 02:57:28,246.38,Credit Card,0.0
ORD-20581,CUST-1145,REST-504,2026-02-06 06:08:33,84.71,Credit Card,0.0
ORD-20582,CUST-1201,REST-506,2026-03-05 02:31:40,50.7,Cash on Delivery,0.0
ORD-20583,CUST-1212,REST-522,2026-03-21 16:50:33,139.84,Apple Pay,0.0
ORD-20584,CUST-1220,REST-526,2026-02-05 01:41:38,176.16,Credit Card,0.0
ORD-20585,CUST-1240,REST-503,2026-03-09 22:57:48,93.62,Credit Card,14.64
ORD-20586,CUST-1046,REST-514,2026-02-12 23:12:48,144.83,Cash on Delivery,0.0
ORD-20587,CUST-1035,REST-511,2026-01-31 05:09:48,276.81,Cash on Delivery,17.47
ORD-20588,CUST-1253,REST-518,2026-02-26 02:35:30,228.02,Cash on Delivery,12.97
ORD-20589,CUST-1082,REST-512,2026-01-21 21:42:36,228.85,Credit Card,0.0
ORD-20590,CUST-1256,REST-523,2026-01-19 23:00:56,42.68,Apple Pay,10.39
ORD-20591,CUST-1197,REST-512,2026-01-10 22:28:12,127.17,Credit Card,12.51
ORD-20592,CUST-1010,REST-513,2026-01-21 18:21:48,187.16,Credit Card,0.0
ORD-20593,CUST-1286,REST-525,2026-02-26 20:48:39,207.86,Apple Pay,45.75
ORD-20594,CUST-1242,REST-519,2026-03-03 22:35:35,52.33,Credit Card,0.0
ORD-20595,CUST-1251,REST-536,2026-01-22 05:10:55,115.04,Credit Card,0.0
ORD-20596,CUST-1005,REST-508,2026-01-22 00:58:56,173.86,Apple Pay,0.0
ORD-20597,CUST-1119,REST-529,2026-02-09 20:36:37,229.3,Credit Card,0.0
ORD-20598,CUST-1289,REST-532,2026-03-28 22:41:12,122.13,Cash on Delivery,12.23
ORD-20599,CUST-1065,REST-518,2026-03-05 02:46:19,112.83,Credit Card,5.29
ORD-20600,CUST-1146,REST-506,2026-02-09 04:49:58,122.04,Credit Card,0.0
ORD-20601,CUST-1224,REST-518,2026-01-30 23:10:28,126.44,Debit Card,12.2
ORD-20602,CUST-1239,REST-519,2026-01-12 19:18:23,112.06,Credit Card,0.0
ORD-20603,CUST-1177,REST-522,2026-01-10 03:14:59,171.34,Debit Card,0.0
ORD-20604,CUST-1267,REST-537,2026-02-19 02:55:46,83.95,Credit Card,0.0
ORD-20605,CUST-1282,REST-532,2026-02-02 01:07:58,255.2,Apple Pay,0.0
ORD-20606,CUST-1063,REST-503,2026-03-12 21:47:37,225.25,Credit Card,0.0
ORD-20607,CUST-1217,REST-528,2026-03-23 20:14:29,325.93,Credit Card,0.0
ORD-20608,CUST-1283,REST-510,2026-01-22 20:37:19,97.35,Debit Card,23.35
ORD-20609,CUST-1177,REST-535,2026-01-13 05:40:49,291.65,Apple Pay,0.0
ORD-20610,CUST-1098,REST-529,2026-01-17 20:27:30,118.32,Apple Pay,0.0
ORD-20611,CUST-1105,REST-515,2026-02-15 03:23:43,180.94,Apple Pay,0.0
ORD-20612,CUST-1099,REST-533,2026-03-15 19:01:28,80.1,Debit Card,0.0
ORD-20613,CUST-1006,REST-507,2026-01-17 21:09:04,120.42,Apple Pay,0.0
ORD-20614,CUST-1197,REST-512,2026-01-25 04:57:03,100.65,Credit Card,0.0
ORD-20615,CUST-1133,REST-530,2026-03-19 03:59:12,176.15,Cash on Delivery,0.0
ORD-20616,CUST-1259,REST-521,2026-03-18 22:41:27,220.1,Debit Card,0.0
ORD-20617,CUST-1023,REST-531,2026-02-28 05:57:19,261.21,Credit Card,0.0
ORD-20618,CUST-1053,REST-524,2026-03-15 20:31:53,231.13,Cash on Delivery,0.0
ORD-20619,CUST-1165,REST-520,2026-03-12 20:01:41,144.53,Apple Pay,30.04
ORD-20620,CUST-1202,REST-537,2026-03-11 20:17:19,71.21,Apple Pay,0.0
ORD-20621,CUST-1083,REST-504,2026-01-11 20:18:26,157.21,Credit Card,0.0
ORD-20622,CUST-1145,REST-528,2026-03-14 01:44:32,90.09,Apple Pay,0.0
ORD-20623,CUST-1085,REST-520,2026-03-06 00:32:58,95.48,Apple Pay,0.0
ORD-20624,CUST-1078,REST-524,2026-01-29 00:06:40,277.84,Credit Card,0.0
ORD-20625,CUST-1001,REST-532,2026-03-02 18:49:44,178.37,Apple Pay,18.85
ORD-20626,CUST-1051,REST-536,2026-03-29 03:50:14,222.26,Apple Pay,0.0
ORD-20627,CUST-1173,REST-534,2026-02-09 06:59:55,72.63,Credit Card,0.0
ORD-20628,CUST-1205,REST-536,2026-01-21 22:34:45,66.05,Credit Card,11.53
ORD-20629,CUST-1260,REST-502,2026-02-05 02:32:00,262.43,Credit Card,0.0
ORD-20630,CUST-1288,REST-515,2026-03-06 03:03:01,91.64,Credit Card,8.27
ORD-20631,CUST-1034,REST-534,2026-02-06 00:37:46,41.65,Debit Card,0.0
ORD-20632,CUST-1095,REST-536,2026-04-01 02:36:25,46.11,Credit Card,0.0
ORD-20633,CUST-1072,REST-506,2026-02-22 02:06:55,195.27,Credit Card,20.85
ORD-20634,CUST-1039,REST-539,2026-03-03 22:36:24,172.95,Apple Pay,0.0
ORD-20635,CUST-1154,REST-512,2026-03-04 16:53:19,274.72,Apple Pay,0.0
ORD-20636,CUST-1250,REST-503,2026-01-27 03:39:15,261.59,Apple Pay,0.0
ORD-20637,CUST-1162,REST-518,2026-03-22 00:37:37,200.89,Credit Card,0.0
ORD-20638,CUST-1118,REST-540,2026-03-18 16:41:48,102.95,Credit Card,0.0
ORD-20639,CUST-1259,REST-521,2026-02-05 21:51:45,183.76,Cash on Delivery,0.0
ORD-20640,CUST-1268,REST-515,2026-01-25 18:51:05,222.03,Credit Card,0.0
ORD-20641,CUST-1054,REST-533,2026-03-18 02:14:38,146.9,Credit Card,26.22
ORD-20642,CUST-1236,REST-535,2026-01-04 02:00:23,99.85,Credit Card,0.0
ORD-20643,CUST-1222,REST-526,2026-03-16 03:22:35,205.29,Apple Pay,35.56
ORD-20644,CUST-1251,REST-508,2026-01-12 03:11:50,29.83,Apple Pay,0.0
ORD-20645,CUST-1112,REST-536,2026-02-10 21:13:06,217.81,Credit Card,16.53
ORD-20646,CUST-1255,REST-530,2026-01-03 04:02:31,270.32,Cash on Delivery,0.0
ORD-20647,CUST-1207,REST-523,2026-03-01 20:34:29,165.93,Cash on Delivery,16.4
ORD-20648,CUST-1229,REST-514,2026-02-20 19:33:44,292.58,Debit Card,47.05
ORD-20649,CUST-1066,REST-514,2026-02-19 19:06:21,254.38,Credit Card,0.0
ORD-20650,CUST-1075,REST-502,2026-03-31 22:10:59,125.36,Credit Card,16.28
ORD-20651,CUST-1103,REST-537,2026-01-15 06:21:57,92.74,Credit Card,0.0
ORD-20652,CUST-1192,REST-505,2026-03-23 20:59:28,239.53,Apple Pay,0.0
ORD-20653,CUST-1252,REST-538,2026-02-12 20:31:41,123.64,Debit Card,26.38
ORD-20654,CUST-1226,REST-514,2026-03-19 20:55:55,137.55,Cash on Delivery,0.0
ORD-20655,CUST-1294,REST-539,2026-03-22 04:55:50,203.6,Credit Card,0.0
ORD-20656,CUST-1098,REST-525,2026-01-21 03:17:56,102.8,Credit Card,0.0
ORD-20657,CUST-1286,REST-520,2026-01-05 19:26:44,278.25,Debit Card,40.33
ORD-20658,CUST-1249,REST-502,2026-03-31 21:24:08,112.41,Credit Card,12.58
ORD-20659,CUST-1166,REST-539,2026-02-13 19:14:08,202.65,Credit Card,0.0
ORD-20660,CUST-1030,REST-506,2026-03-19 03:54:41,71.24,Cash on Delivery,0.0
ORD-20661,CUST-1247,REST-517,2026-03-12 19:42:54,61.49,Apple Pay,13.42
ORD-20662,CUST-1106,REST-525,2026-03-02 01:36:11,113.81,Cash on Delivery,0.0
ORD-20663,CUST-1051,REST-528,2026-02-21 16:19:52,227.45,Apple Pay,0.0
ORD-20664,CUST-1081,REST-502,2026-03-14 20:27:24,187.78,Credit Card,24.94
ORD-20665,CUST-1133,REST-535,2026-01-26 22:11:49,77.48,Credit Card,12.89
ORD-20666,CUST-1285,REST-537,2026-01-17 03:22:31,127.46,Apple Pay,17.38
ORD-20667,CUST-1138,REST-505,2026-01-23 03:21:32,305.22,Apple Pay,0.0
ORD-20668,CUST-1184,REST-501,2026-02-08 23:42:00,194.54,Apple Pay,0.0
ORD-20669,CUST-1273,REST-540,2026-01-19 01:05:27,152.58,Credit Card,0.0
ORD-20670,CUST-1069,REST-512,2026-01-06 23:08:34,52.04,Credit Card,6.87
ORD-20671,CUST-1034,REST-536,2026-03-26 22:48:54,185.56,Credit Card,21.27
ORD-20672,CUST-1262,REST-523,2026-02-03 18:57:41,163.79,Credit Card,0.0
ORD-20673,CUST-1053,REST-531,2026-03-14 19:54:02,83.76,Credit Card,13.06
ORD-20674,CUST-1205,REST-511,2026-03-23 19:26:01,146.04,Debit Card,0.0
ORD-20675,CUST-1126,REST-510,2026-02-27 20:32:47,140.07,Apple Pay,0.0
ORD-20676,CUST-1235,REST-503,2026-03-06 02:44:01,144.73,Credit Card,25.23
ORD-20677,CUST-1043,REST-514,2026-03-20 03:45:00,110.03,Credit Card,16.54
ORD-20678,CUST-1240,REST-516,2026-03-06 22:38:58,215.32,Debit Card,0.0
ORD-20679,CUST-1111,REST-510,2026-02-09 20:57:11,55.42,Credit Card,0.0
ORD-20680,CUST-1249,REST-529,2026-03-27 05:28:26,259.83,Credit Card,42.97
ORD-20681,CUST-1151,REST-510,2026-03-01 17:15:56,234.67,Credit Card,0.0
ORD-20682,CUST-1183,REST-512,2026-02-27 16:41:20,239.31,Credit Card,0.0
ORD-20683,CUST-1095,REST-530,2026-02-01 20:35:56,116.75,Credit Card,22.38
ORD-20684,CUST-1008,REST-501,2026-02-27 05:01:29,266.09,Debit Card,0.0
ORD-20685,CUST-1184,REST-505,2026-02-23 04:56:23,266.32,Credit Card,0.0
ORD-20686,CUST-1281,REST-520,2026-03-17 21:38:38,140.31,Credit Card,20.31
ORD-20687,CUST-1195,REST-508,2026-03-28 19:09:59,275.84,Credit Card,0.0
ORD-20688,CUST-1195,REST-512,2026-03-16 04:43:17,327.15,Credit Card,0.0
ORD-20689,CUST-1155,REST-501,2026-03-23 22:45:13,88.39,Cash on Delivery,0.0
ORD-20690,CUST-1093,REST-520,2026-02-28 00:16:29,49.83,Apple Pay,7.43
ORD-20691,CUST-1160,REST-528,2026-01-19 01:20:53,114.86,Credit Card,6.63
ORD-20692,CUST-1061,REST-537,2026-03-10 06:14:20,103.49,Credit Card,0.0
ORD-20693,CUST-1122,REST-537,2026-01-17 00:03:34,102.72,Credit Card,0.0
ORD-20694,CUST-1051,REST-512,2026-03-29 21:10:01,298.36,Cash on Delivery,29.17
ORD-20695,CUST-1277,REST-537,2026-02-25 01:03:44,318.12,Apple Pay,19.16
ORD-20696,CUST-1005,REST-528,2026-02-16 03:22:23,81.89,Debit Card,9.39
ORD-20697,CUST-1092,REST-515,2026-01-25 05:43:26,72.99,Cash on Delivery,0.0
ORD-20698,CUST-1170,REST-506,2026-03-05 17:47:41,163.88,Credit Card,0.0
ORD-20699,CUST-1022,REST-520,2026-02-19 03:29:29,294.21,Credit Card,0.0
ORD-20700,CUST-1001,REST-514,2026-01-26 21:08:14,155.5,Cash on Delivery,0.0
ORD-20701,CUST-1133,REST-502,2026-01-28 21:56:07,264.0,Debit Card,27.67
ORD-20702,CUST-1233,REST-509,2026-01-10 05:40:11,171.15,Cash on Delivery,0.0
ORD-20703,CUST-1012,REST-537,2026-01-11 02:14:47,218.74,Credit Card,0.0
ORD-20704,CUST-1046,REST-520,2026-01-04 18:00:08,191.95,Apple Pay,0.0
ORD-20705,CUST-1034,REST-526,2026-03-23 03:27:05,157.38,Credit Card,0.0
ORD-20706,CUST-1078,REST-529,2026-01-23 23:23:06,267.46,Debit Card,20.85
ORD-20707,CUST-1218,REST-501,2026-01-06 20:18:36,120.67,Credit Card,17.68
ORD-20708,CUST-1073,REST-535,2026-01-24 20:32:11,82.71,Apple Pay,0.0
ORD-20709,CUST-1282,REST-506,2026-03-27 20:37:28,142.36,Apple Pay,18.77
ORD-20710,CUST-1249,REST-537,2026-02-22 22:16:35,289.0,Cash on Delivery,46.58
ORD-20711,CUST-1047,REST-505,2026-02-27 02:56:39,125.37,Apple Pay,21.31
ORD-20712,CUST-1121,REST-533,2026-01-04 18:32:47,227.1,Apple Pay,0.0
ORD-20713,CUST-1214,REST-514,2026-01-20 20:57:10,105.16,Apple Pay,0.0
ORD-20714,CUST-1239,REST-512,2026-01-20 03:34:50,178.24,Apple Pay,33.19
ORD-20715,CUST-1056,REST-520,2026-01-20 04:02:15,244.24,Credit Card,0.0
ORD-20716,CUST-1107,REST-524,2026-03-19 19:55:18,142.45,Credit Card,0.0
ORD-20717,CUST-1048,REST-534,2026-02-24 04:47:39,120.61,Apple Pay,0.0
ORD-20718,CUST-1061,REST-525,2026-03-16 01:48:07,123.64,Apple Pay,0.0
ORD-20719,CUST-1026,REST-529,2026-01-19 22:58:42,47.89,Cash on Delivery,0.0
ORD-20720,CUST-1292,REST-539,2026-02-11 22:42:22,56.43,Credit Card,0.0
ORD-20721,CUST-1257,REST-531,2026-03-03 18:20:33,321.29,Apple Pay,0.0
ORD-20722,CUST-1008,REST-523,2026-02-08 01:33:26,300.54,Credit Card,37.8
ORD-20723,CUST-1113,REST-538,2026-02-22 02:23:08,273.7,Credit Card,10.17
ORD-20724,CUST-1253,REST-520,2026-01-07 02:51:12,317.78,Apple Pay,0.0
ORD-20725,CUST-1180,REST-523,2026-03-09 01:56:24,67.65,Apple Pay,0.0
ORD-20726,CUST-1207,REST-516,2026-03-20 03:31:00,264.7,Apple Pay,16.78
ORD-20727,CUST-1127,REST-508,2026-02-01 02:20:03,138.44,Credit Card,21.39
ORD-20728,CUST-1056,REST-521,2026-03-05 15:58:06,219.35,Credit Card,40.83
ORD-20729,CUST-1214,REST-501,2026-03-14 22:33:12,167.63,Cash on Delivery,17.52
ORD-20730,CUST-1014,REST-508,2026-01-29 03:09:30,230.3,Apple Pay,0.0
ORD-20731,CUST-1028,REST-529,2026-03-14 01:03:26,177.48,Credit Card,0.0
ORD-20732,CUST-1078,REST-532,2026-02-24 01:19:42,166.03,Apple Pay,13.0
ORD-20733,CUST-1216,REST-538,2026-02-08 21:38:21,107.04,Apple Pay,0.0
ORD-20734,CUST-1154,REST-505,2026-01-27 21:17:59,130.09,Apple Pay,0.0
ORD-20735,CUST-1014,REST-522,2026-01-21 05:12:18,148.91,Credit Card,22.26
ORD-20736,CUST-1187,REST-534,2026-02-13 20:45:16,248.57,Credit Card,0.0
ORD-20737,CUST-1007,REST-501,2026-01-19 03:00:57,53.71,Debit Card,0.0
ORD-20738,CUST-1003,REST-526,2026-03-11 04:59:24,173.86,Apple Pay,0.0
ORD-20739,CUST-1111,REST-510,2026-03-17 17:53:58,294.37,Apple Pay,48.89
ORD-20740,CUST-1238,REST-530,2026-02-16 02:03:58,112.12,Apple Pay,0.0
ORD-20741,CUST-1239,REST-518,2026-02-02 18:48:43,105.44,Cash on Delivery,11.96
ORD-20742,CUST-1274,REST-517,2026-03-31 02:49:37,195.73,Apple Pay,0.0
ORD-20743,CUST-1294,REST-526,2026-03-26 02:38:43,97.47,Credit Card,10.31
ORD-20744,CUST-1227,REST-508,2026-01-12 02:54:40,97.2,Cash on Delivery,0.0
ORD-20745,CUST-1015,REST-540,2026-03-27 01:58:17,75.1,Apple Pay,16.52
ORD-20746,CUST-1192,REST-512,2026-02-21 21:31:48,293.77,Apple Pay,0.0
ORD-20747,CUST-1119,REST-527,2026-01-21 19:15:54,258.41,Credit Card,0.0
ORD-20748,CUST-1028,REST-508,2026-01-24 16:08:34,53.47,Credit Card,11.79
ORD-20749,CUST-1202,REST-525,2026-02-08 20:30:11,218.93,Credit Card,37.03
ORD-20750,CUST-1039,REST-504,2026-01-16 00:23:38,272.3,Credit Card,0.0
ORD-20751,CUST-1273,REST-533,2026-03-23 02:48:18,225.89,Credit Card,0.0
ORD-20752,CUST-1231,REST-501,2026-03-11 15:56:56,178.63,Credit Card,0.0
ORD-20753,CUST-1086,REST-519,2026-01-20 01:52:48,172.42,Cash on Delivery,0.0
ORD-20754,CUST-1126,REST-531,2026-03-06 23:12:09,96.67,Apple Pay,19.37
ORD-20755,CUST-1300,REST-516,2026-03-23 16:23:26,182.33,Credit Card,20.74
ORD-20756,CUST-1025,REST-514,2026-01-25 22:11:04,123.61,Cash on Delivery,13.19
ORD-20757,CUST-1145,REST-505,2026-01-27 01:08:32,274.74,Credit Card,7.84
ORD-20758,CUST-1013,REST-526,2026-03-25 21:03:23,96.78,Credit Card,0.0
ORD-20759,CUST-1212,REST-528,2026-03-23 22:38:26,135.34,Apple Pay,26.63
ORD-20760,CUST-1025,REST-502,2026-03-08 21:43:29,288.56,Credit Card,0.0
ORD-20761,CUST-1068,REST-506,2026-02-10 00:46:22,271.03,Debit Card,0.0
ORD-20762,CUST-1067,REST-509,2026-03-12 04:03:42,84.3,Credit Card,0.0
ORD-20763,CUST-1233,REST-533,2026-02-20 02:15:24,136.66,Credit Card,0.0
ORD-20764,CUST-1109,REST-525,2026-03-07 03:29:57,65.18,Cash on Delivery,0.0
ORD-20765,CUST-1146,REST-513,2026-02-22 00:09:17,159.77,Apple Pay,13.08
ORD-20766,CUST-1111,REST-509,2026-03-02 02:06:02,250.48,Cash on Delivery,0.0
ORD-20767,CUST-1228,REST-513,2026-01-10 20:54:49,228.2,Apple Pay,35.83
ORD-20768,CUST-1111,REST-531,2026-03-25 22:21:06,106.37,Credit Card,0.0
ORD-20769,CUST-1034,REST-511,2026-01-02 21:13:20,131.88,Apple Pay,22.07
ORD-20770,CUST-1111,REST-504,2026-01-25 02:57:10,88.68,Credit Card,0.0
ORD-20771,CUST-1264,REST-534,2026-01-26 17:26:45,206.26,Debit Card,28.98
ORD-20772,CUST-1236,REST-538,2026-02-08 21:22:42,193.82,Credit Card,0.0
ORD-20773,CUST-1083,REST-504,2026-02-02 01:20:25,221.79,Credit Card,41.09
ORD-20774,CUST-1042,REST-538,2026-03-12 21:02:21,192.02,Cash on Delivery,10.65
ORD-20775,CUST-1101,REST-519,2026-02-09 21:05:40,290.47,Debit Card,35.44
ORD-20776,CUST-1006,REST-506,2026-02-17 22:01:15,217.9,Credit Card,47.49
ORD-20777,CUST-1180,REST-534,2026-03-23 01:13:07,158.17,Credit Card,0.0
ORD-20778,CUST-1282,REST-518,2026-03-15 20:55:36,108.32,Debit Card,0.0
ORD-20779,CUST-1226,REST-513,2026-02-27 19:22:34,268.85,Credit Card,0.0
ORD-20780,CUST-1229,REST-523,2026-01-16 06:51:40,172.44,Cash on Delivery,0.0
ORD-20781,CUST-1289,REST-519,2026-01-07 00:55:59,177.77,Credit Card,10.27
ORD-20782,CUST-1150,REST-511,2026-03-04 04:10:35,231.61,Apple Pay,9.47
ORD-20783,CUST-1277,REST-501,2026-03-03 17:04:15,95.27,Credit Card,22.38
ORD-20784,CUST-1198,REST-524,2026-03-23 22:16:00,77.22,Credit Card,0.0
ORD-20785,CUST-1070,REST-507,2026-02-18 01:24:09,153.74,Credit Card,35.71
ORD-20786,CUST-1112,REST-525,2026-01-23 21:33:16,141.4,Credit Card,18.19
ORD-20787,CUST-1004,REST-521,2026-03-06 03:32:08,271.88,Debit Card,0.0
ORD-20788,CUST-1095,REST-515,2026-01-18 02:39:08,109.87,Credit Card,14.99
ORD-20789,CUST-1152,REST-501,2026-03-27 22:56:33,133.22,Credit Card,0.0
ORD-20790,CUST-1137,REST-512,2026-01-17 02:50:07,82.85,Credit Card,18.6
ORD-20791,CUST-1247,REST-507,2026-01-19 21:47:10,211.88,Apple Pay,23.87
ORD-20792,CUST-1243,REST-515,2026-03-16 03:27:08,146.99,Apple Pay,0.0
ORD-20793,CUST-1031,REST-521,2026-01-18 02:41:48,73.42,Credit Card,0.0
ORD-20794,CUST-1040,REST-519,2026-01-26 20:15:18,134.23,Apple Pay,25.48
ORD-20795,CUST-1229,REST-529,2026-03-08 01:17:12,258.44,Credit Card,18.27
ORD-20796,CUST-1036,REST-525,2026-02-10 23:32:31,218.02,Credit Card,26.63
ORD-20797,CUST-1223,REST-533,2026-01-04 22:07:46,53.34,Credit Card,6.7
ORD-20798,CUST-1006,REST-532,2026-02-11 04:09:19,115.4,Credit Card,17.23
ORD-20799,CUST-1220,REST-535,2026-02-27 21:27:24,144.7,Apple Pay,10.48
ORD-20800,CUST-1075,REST-538,2026-03-27 20:11:13,150.95,Debit Card,0.0
ORD-20801,CUST-1004,REST-526,2026-02-05 02:35:10,117.38,Credit Card,5.17
ORD-20802,CUST-1134,REST-511,2026-02-17 17:09:51,138.95,Cash on Delivery,0.0
ORD-20803,CUST-1118,REST-535,2026-03-19 02:18:37,164.73,Credit Card,0.0
ORD-20804,CUST-1094,REST-508,2026-03-18 21:39:01,285.16,Credit Card,0.0
ORD-20805,CUST-1062,REST-514,2026-01-16 01:06:23,52.0,Credit Card,0.0
ORD-20806,CUST-1194,REST-510,2026-03-07 20:28:07,293.64,Credit Card,5.47
ORD-20807,CUST-1203,REST-502,2026-02-19 02:33:48,252.79,Cash on Delivery,16.29
ORD-20808,CUST-1026,REST-509,2026-01-24 03:25:44,286.76,Credit Card,46.71
ORD-20809,CUST-1173,REST-503,2026-02-26 03:34:10,312.4,Apple Pay,0.0
ORD-20810,CUST-1300,REST-521,2026-01-22 23:54:24,91.99,Apple Pay,0.0
ORD-20811,CUST-1133,REST-526,2026-01-16 21:30:51,235.03,Debit Card,0.0
ORD-20812,CUST-1118,REST-508,2026-03-24 04:42:38,175.03,Credit Card,0.0
ORD-20813,CUST-1275,REST-502,2026-02-26 21:07:34,91.29,Credit Card,0.0
ORD-20814,CUST-1212,REST-506,2026-02-10 20:55:22,195.42,Debit Card,0.0
ORD-20815,CUST-1225,REST-528,2026-03-22 23:46:17,113.53,Credit Card,27.18
ORD-20816,CUST-1020,REST-529,2026-03-09 21:27:50,185.4,Debit Card,0.0
ORD-20817,CUST-1113,REST-526,2026-01-13 04:27:43,46.13,Credit Card,9.79
ORD-20818,CUST-1140,REST-525,2026-02-20 05:16:34,261.13,Apple Pay,0.0
ORD-20819,CUST-1047,REST-512,2026-01-05 21:13:22,99.73,Debit Card,14.93
ORD-20820,CUST-1001,REST-505,2026-01-01 22:15:15,90.06,Apple Pay,14.02
ORD-20821,CUST-1090,REST-534,2026-03-24 20:51:26,210.34,Credit Card,12.67
ORD-20822,CUST-1142,REST-537,2026-03-06 17:29:32,303.41,Credit Card,26.79
ORD-20823,CUST-1038,REST-515,2026-03-08 02:09:44,186.04,Credit Card,14.89
ORD-20824,CUST-1293,REST-536,2026-02-22 02:58:16,231.4,Credit Card,0.0
ORD-20825,CUST-1139,REST-515,2026-03-11 16:44:13,170.33,Cash on Delivery,0.0
ORD-20826,CUST-1259,REST-523,2026-01-11 04:25:27,275.18,Cash on Delivery,0.0
ORD-20827,CUST-1161,REST-506,2026-02-25 21:37:08,188.69,Apple Pay,0.0
ORD-20828,CUST-1178,REST-521,2026-03-28 04:44:25,171.76,Apple Pay,9.72
ORD-20829,CUST-1010,REST-523,2026-04-01 00:25:38,269.33,Apple Pay,42.69
ORD-20830,CUST-1261,REST-516,2026-02-01 02:02:57,266.7,Apple Pay,17.31
ORD-20831,CUST-1138,REST-515,2026-02-05 02:26:05,113.73,Credit Card,0.0
ORD-20832,CUST-1172,REST-525,2026-03-27 04:12:13,245.56,Apple Pay,0.0
ORD-20833,CUST-1013,REST-536,2026-02-07 22:24:54,76.73,Debit Card,0.0
ORD-20834,CUST-1168,REST-511,2026-02-27 20:01:42,208.24,Debit Card,0.0
ORD-20835,CUST-1130,REST-515,2026-01-29 02:07:43,257.58,Credit Card,0.0
ORD-20836,CUST-1084,REST-504,2026-03-09 20:27:02,56.34,Debit Card,0.0
ORD-20837,CUST-1101,REST-521,2026-03-31 02:57:47,254.61,Cash on Delivery,0.0
ORD-20838,CUST-1273,REST-513,2026-03-24 21:21:38,279.15,Debit Card,0.0
ORD-20839,CUST-1265,REST-522,2026-03-13 03:38:57,148.31,Apple Pay,0.0
ORD-20840,CUST-1038,REST-519,2026-01-06 19:30:26,97.84,Credit Card,0.0
ORD-20841,CUST-1094,REST-534,2026-03-20 20:04:59,209.21,Credit Card,0.0
ORD-20842,CUST-1095,REST-514,2026-02-15 21:33:15,295.89,Debit Card,15.87
ORD-20843,CUST-1069,REST-504,2026-01-04 02:04:57,237.73,Credit Card,0.0
ORD-20844,CUST-1236,REST-527,2026-01-24 21:28:29,63.33,Cash on Delivery,0.0
ORD-20845,CUST-1137,REST-529,2026-01-02 03:43:21,71.63,Credit Card,5.13
ORD-20846,CUST-1076,REST-528,2026-01-14 03:05:05,132.59,Apple Pay,13.56
ORD-20847,CUST-1035,REST-535,2026-03-19 22:49:04,294.86,Credit Card,36.18
ORD-20848,CUST-1001,REST-508,2026-03-22 21:51:12,38.41,Apple Pay,9.21
ORD-20849,CUST-1296,REST-516,2026-02-03 00:38:29,141.18,Apple Pay,0.0
ORD-20850,CUST-1060,REST-536,2026-03-11 05:01:24,106.48,Apple Pay,17.31
ORD-20851,CUST-1267,REST-530,2026-01-30 04:57:55,237.19,Credit Card,0.0
ORD-20852,CUST-1229,REST-518,2026-02-20 03:48:49,115.59,Credit Card,0.0
ORD-20853,CUST-1270,REST-502,2026-01-20 18:43:15,88.44,Apple Pay,0.0
ORD-20854,CUST-1286,REST-513,2026-01-18 01:25:14,156.04,Apple Pay,0.0
ORD-20855,CUST-1291,REST-504,2026-02-16 01:24:40,151.96,Cash on Delivery,0.0
ORD-20856,CUST-1213,REST-526,2026-01-04 20:41:24,84.88,Apple Pay,12.43
ORD-20857,CUST-1165,REST-525,2026-03-16 20:34:37,48.77,Credit Card,8.59
ORD-20858,CUST-1005,REST-530,2026-02-04 23:04:20,122.6,Apple Pay,9.19
ORD-20859,CUST-1078,REST-511,2026-02-27 20:20:00,189.18,Cash on Delivery,0.0
ORD-20860,CUST-1062,REST-507,2026-01-10 01:05:15,93.12,Apple Pay,20.14
ORD-20861,CUST-1132,REST-531,2026-03-30 00:42:12,203.99,Credit Card,0.0
ORD-20862,CUST-1089,REST-510,2026-03-29 01:41:10,59.59,Credit Card,0.0
ORD-20863,CUST-1237,REST-539,2026-02-18 03:33:13,210.65,Apple Pay,0.0
ORD-20864,CUST-1042,REST-513,2026-02-18 21:12:30,212.66,Cash on Delivery,0.0
ORD-20865,CUST-1089,REST-531,2026-01-04 06:46:56,309.41,Cash on Delivery,34.44
ORD-20866,CUST-1296,REST-507,2026-01-22 02:35:51,232.66,Credit Card,0.0
ORD-20867,CUST-1295,REST-536,2026-01-28 22:43:52,303.78,Credit Card,44.57
ORD-20868,CUST-1104,REST-520,2026-01-18 20:48:57,212.49,Debit Card,24.76
ORD-20869,CUST-1014,REST-504,2026-01-29 16:31:28,94.23,Cash on Delivery,13.52
ORD-20870,CUST-1288,REST-507,2026-03-29 00:16:03,258.87,Apple Pay,33.85
ORD-20871,CUST-1179,REST-501,2026-03-29 23:15:46,126.48,Credit Card,14.58
ORD-20872,CUST-1125,REST-513,2026-01-22 21:45:58,208.76,Apple Pay,37.19
ORD-20873,CUST-1023,REST-522,2026-02-08 21:15:04,39.56,Credit Card,5.19
ORD-20874,CUST-1063,REST-521,2026-01-10 19:34:30,90.62,Cash on Delivery,0.0
ORD-20875,CUST-1143,REST-522,2026-01-14 02:24:55,165.96,Apple Pay,13.93
ORD-20876,CUST-1153,REST-528,2026-03-02 20:47:17,59.99,Cash on Delivery,0.0
ORD-20877,CUST-1145,REST-509,2026-03-21 00:27:04,211.27,Credit Card,41.92
ORD-20878,CUST-1225,REST-526,2026-02-24 04:23:32,52.44,Apple Pay,9.27
ORD-20879,CUST-1104,REST-509,2026-03-24 03:41:41,63.3,Cash on Delivery,14.41
ORD-20880,CUST-1104,REST-515,2026-02-21 05:35:13,86.98,Debit Card,0.0
ORD-20881,CUST-1039,REST-510,2026-01-21 19:32:21,79.46,Credit Card,0.0
ORD-20882,CUST-1198,REST-524,2026-02-12 03:18:24,108.32,Credit Card,26.34
ORD-20883,CUST-1134,REST-508,2026-01-18 03:23:03,242.48,Cash on Delivery,35.91
ORD-20884,CUST-1067,REST-524,2026-03-05 22:19:36,127.5,Credit Card,13.22
ORD-20885,CUST-1179,REST-516,2026-02-06 19:22:30,243.94,Credit Card,0.0
ORD-20886,CUST-1042,REST-526,2026-02-08 03:23:18,81.94,Apple Pay,0.0
ORD-20887,CUST-1015,REST-527,2026-03-10 01:36:15,239.27,Apple Pay,35.28
ORD-20888,CUST-1111,REST-537,2026-01-28 00:51:44,291.97,Credit Card,0.0
ORD-20889,CUST-1157,REST-504,2026-02-24 17:03:17,319.28,Debit Card,0.0
ORD-20890,CUST-1289,REST-524,2026-03-10 21:14:17,236.62,Credit Card,7.16
ORD-20891,CUST-1231,REST-519,2026-01-17 03:32:37,108.99,Debit Card,9.95
ORD-20892,CUST-1157,REST-536,2026-01-22 20:42:28,62.39,Credit Card,11.08
ORD-20893,CUST-1038,REST-539,2026-01-05 17:59:34,206.39,Apple Pay,46.76
ORD-20894,CUST-1097,REST-510,2026-01-30 03:21:44,290.94,Debit Card,7.5
ORD-20895,CUST-1289,REST-525,2026-03-02 17:45:09,119.34,Credit Card,9.88
ORD-20896,CUST-1254,REST-518,2026-03-28 19:45:08,286.28,Credit Card,0.0
ORD-20897,CUST-1196,REST-519,2026-01-09 03:10:11,316.16,Apple Pay,0.0
ORD-20898,CUST-1086,REST-536,2026-03-30 03:00:16,117.45,Credit Card,0.0
ORD-20899,CUST-1010,REST-510,2026-03-21 03:20:44,155.88,Credit Card,0.0
ORD-20900,CUST-1005,REST-533,2026-01-29 20:48:22,212.08,Credit Card,0.0
ORD-20901,CUST-1123,REST-505,2026-01-31 03:05:42,100.4,Credit Card,15.8
ORD-20902,CUST-1118,REST-535,2026-01-20 04:36:14,130.67,Apple Pay,0.0
ORD-20903,CUST-1294,REST-534,2026-03-19 07:29:13,68.91,Cash on Delivery,0.0
ORD-20904,CUST-1159,REST-533,2026-01-04 23:20:30,133.32,Credit Card,24.1
ORD-20905,CUST-1228,REST-521,2026-02-06 18:53:25,214.84,Apple Pay,0.0
ORD-20906,CUST-1216,REST-517,2026-03-07 19:42:54,95.13,Cash on Delivery,12.19
ORD-20907,CUST-1184,REST-522,2026-03-13 20:48:15,164.76,Credit Card,0.0
ORD-20908,CUST-1015,REST-537,2026-01-25 01:34:55,100.08,Debit Card,0.0
ORD-20909,CUST-1157,REST-515,2026-03-02 20:46:35,86.03,Credit Card,0.0
ORD-20910,CUST-1136,REST-535,2026-02-15 20:07:05,94.21,Apple Pay,9.77
ORD-20911,CUST-1261,REST-528,2026-02-27 06:40:31,256.8,Credit Card,11.57
ORD-20912,CUST-1157,REST-507,2026-01-22 20:34:04,284.03,Apple Pay,0.0
ORD-20913,CUST-1047,REST-532,2026-01-14 04:54:07,52.4,Apple Pay,6.44
ORD-20914,CUST-1173,REST-511,2026-02-16 04:10:00,230.4,Credit Card,48.45
ORD-20915,CUST-1130,REST-510,2026-02-21 20:21:05,61.41,Cash on Delivery,0.0
ORD-20916,CUST-1095,REST-509,2026-03-11 05:58:46,320.91,Apple Pay,0.0
ORD-20917,CUST-1115,REST-514,2026-01-26 20:45:50,124.29,Credit Card,0.0
ORD-20918,CUST-1243,REST-513,2026-02-09 04:32:31,127.27,Credit Card,0.0
ORD-20919,CUST-1292,REST-525,2026-03-18 05:39:56,117.47,Credit Card,0.0
ORD-20920,CUST-1282,REST-502,2026-03-05 01:59:36,42.87,Apple Pay,9.5
ORD-20921,CUST-1299,REST-535,2026-01-13 17:58:55,103.0,Credit Card,20.19
ORD-20922,CUST-1283,REST-507,2026-02-05 19:29:40,132.01,Apple Pay,0.0
ORD-20923,CUST-1069,REST-521,2026-03-19 02:35:42,203.47,Debit Card,0.0
ORD-20924,CUST-1148,REST-518,2026-02-01 20:40:17,165.18,Credit Card,34.53
ORD-20925,CUST-1011,REST-503,2026-01-04 02:09:45,209.1,Debit Card,0.0
ORD-20926,CUST-1254,REST-539,2026-01-26 22:11:23,63.86,Apple Pay,0.0
ORD-20927,CUST-1038,REST-511,2026-03-03 20:37:26,113.04,Credit Card,0.0
ORD-20928,CUST-1134,REST-539,2026-03-17 20:41:34,299.57,Cash on Delivery,23.3
ORD-20929,CUST-1200,REST-524,2026-03-29 21:45:22,230.9,Credit Card,0.0
ORD-20930,CUST-1023,REST-519,2026-01-07 16:27:08,172.09,Cash on Delivery,10.53
ORD-20931,CUST-1218,REST-504,2026-01-13 06:47:19,241.72,Debit Card,0.0
ORD-20932,CUST-1141,REST-526,2026-02-09 20:00:35,129.69,Apple Pay,16.4
ORD-20933,CUST-1104,REST-538,2026-03-19 00:58:14,263.43,Apple Pay,0.0
ORD-20934,CUST-1210,REST-532,2026-02-25 19:17:43,203.79,Apple Pay,0.0
ORD-20935,CUST-1111,REST-539,2026-03-21 02:29:02,204.38,Apple Pay,0.0
ORD-20936,CUST-1104,REST-536,2026-03-04 04:26:23,261.58,Apple Pay,31.38
ORD-20937,CUST-1171,REST-540,2026-01-31 01:09:25,182.78,Apple Pay,0.0
ORD-20938,CUST-1133,REST-537,2026-01-07 20:49:08,252.09,Debit Card,0.0
ORD-20939,CUST-1293,REST-533,2026-01-27 20:15:09,217.46,Credit Card,0.0
ORD-20940,CUST-1127,REST-536,2026-01-30 20:08:10,262.13,Credit Card,14.92
ORD-20941,CUST-1106,REST-503,2026-03-26 03:12:41,128.61,Debit Card,8.4
ORD-20942,CUST-1092,REST-509,2026-01-03 02:22:01,96.47,Cash on Delivery,0.0
ORD-20943,CUST-1287,REST-508,2026-03-13 23:28:53,222.3,Debit Card,0.0
ORD-20944,CUST-1051,REST-533,2026-01-29 22:44:45,270.94,Apple Pay,35.3
ORD-20945,CUST-1029,REST-506,2026-03-23 21:42:28,252.58,Apple Pay,0.0
ORD-20946,CUST-1296,REST-539,2026-01-28 06:07:00,174.29,Debit Card,37.62
ORD-20947,CUST-1297,REST-504,2026-02-04 23:04:58,65.6,Credit Card,0.0
ORD-20948,CUST-1214,REST-513,2026-01-01 20:56:03,101.43,Credit Card,0.0
ORD-20949,CUST-1267,REST-502,2026-02-16 20:28:55,309.48,Cash on Delivery,0.0
ORD-20950,CUST-1257,REST-505,2026-03-16 22:21:01,240.78,Apple Pay,0.0
ORD-20951,CUST-1101,REST-527,2026-01-16 05:52:22,201.44,Credit Card,41.49
ORD-20952,CUST-1110,REST-532,2026-03-11 16:57:53,270.27,Credit Card,26.77
ORD-20953,CUST-1182,REST-521,2026-01-03 18:45:00,226.45,Credit Card,42.15
ORD-20954,CUST-1001,REST-508,2026-01-29 01:37:56,95.36,Cash on Delivery,10.45
ORD-20955,CUST-1055,REST-538,2026-02-12 16:33:21,101.64,Credit Card,0.0
ORD-20956,CUST-1149,REST-508,2026-01-19 06:18:10,109.75,Credit Card,6.0
ORD-20957,CUST-1137,REST-503,2026-03-02 17:25:08,140.73,Apple Pay,25.1
ORD-20958,CUST-1202,REST-503,2026-02-28 22:02:28,162.13,Apple Pay,0.0
ORD-20959,CUST-1117,REST-522,2026-01-06 23:50:57,58.41,Credit Card,7.02
ORD-20960,CUST-1154,REST-506,2026-02-20 03:29:58,63.09,Apple Pay,7.29
ORD-20961,CUST-1291,REST-502,2026-02-13 02:48:52,76.37,Apple Pay,0.0
ORD-20962,CUST-1063,REST-523,2026-02-23 17:11:34,92.89,Cash on Delivery,22.84
ORD-20963,CUST-1244,REST-502,2026-02-26 21:01:32,156.01,Cash on Delivery,0.0
ORD-20964,CUST-1025,REST-538,2026-03-24 20:04:55,179.29,Credit Card,0.0
ORD-20965,CUST-1090,REST-517,2026-03-01 19:38:36,258.32,Debit Card,8.56
ORD-20966,CUST-1075,REST-535,2026-02-02 00:57:31,72.87,Credit Card,17.7
ORD-20967,CUST-1294,REST-534,2026-03-31 19:57:24,202.67,Apple Pay,0.0
ORD-20968,CUST-1210,REST-523,2026-01-12 21:09:25,234.6,Credit Card,31.71
ORD-20969,CUST-1017,REST-530,2026-02-23 20:31:34,128.73,Credit Card,25.63
ORD-20970,CUST-1128,REST-508,2026-01-06 16:21:20,45.13,Debit Card,0.0
ORD-20971,CUST-1251,REST-522,2026-03-04 02:15:34,116.48,Credit Card,16.89
ORD-20972,CUST-1179,REST-536,2026-03-10 21:22:36,245.39,Cash on Delivery,23.16
ORD-20973,CUST-1182,REST-505,2026-02-03 07:45:39,278.31,Apple Pay,0.0
ORD-20974,CUST-1152,REST-513,2026-03-01 03:43:30,194.17,Credit Card,0.0
ORD-20975,CUST-1025,REST-529,2026-03-12 18:46:13,252.16,Credit Card,0.0
ORD-20976,CUST-1180,REST-531,2026-03-24 17:02:08,139.07,Credit Card,0.0
ORD-20977,CUST-1198,REST-516,2026-01-07 00:59:11,114.04,Credit Card,0.0
ORD-20978,CUST-1161,REST-530,2026-01-21 02:24:23,158.83,Credit Card,0.0
ORD-20979,CUST-1177,REST-516,2026-01-02 20:35:38,95.37,Credit Card,5.4
ORD-20980,CUST-1285,REST-512,2026-01-22 20:14:15,179.77,Credit Card,0.0
ORD-20981,CUST-1063,REST-517,2026-01-19 05:52:22,288.85,Credit Card,13.92
ORD-20982,CUST-1150,REST-516,2026-01-24 20:38:36,101.81,Apple Pay,0.0
ORD-20983,CUST-1154,REST-512,2026-03-03 19:50:13,57.29,Apple Pay,0.0
ORD-20984,CUST-1156,REST-508,2026-01-17 22:45:25,74.97,Apple Pay,9.42
ORD-20985,CUST-1049,REST-520,2026-01-31 17:00:43,178.93,Debit Card,0.0
ORD-20986,CUST-1084,REST-503,2026-03-16 00:07:05,327.23,Apple Pay,0.0
ORD-20987,CUST-1177,REST-516,2026-03-30 21:09:05,83.07,Debit Card,17.4
ORD-20988,CUST-1148,REST-530,2026-03-12 18:55:28,240.52,Credit Card,0.0
ORD-20989,CUST-1118,REST-523,2026-02-11 21:17:34,76.18,Apple Pay,0.0
ORD-20990,CUST-1063,REST-528,2026-02-18 20:24:21,233.24,Credit Card,33.68
ORD-20991,CUST-1189,REST-540,2026-01-07 05:07:35,210.88,Credit Card,0.0
ORD-20992,CUST-1049,REST-505,2026-02-18 05:38:53,70.09,Credit Card,0.0
ORD-20993,CUST-1257,REST-520,2026-01-07 22:10:22,127.92,Debit Card,0.0
ORD-20994,CUST-1224,REST-540,2026-03-02 05:46:07,99.22,Credit Card,0.0
ORD-20995,CUST-1141,REST-501,2026-01-26 16:50:57,91.73,Apple Pay,0.0
ORD-20996,CUST-1215,REST-530,2026-02-24 01:00:24,200.84,Credit Card,0.0
ORD-20997,CUST-1211,REST-521,2026-03-25 22:12:52,301.63,Apple Pay,0.0
ORD-20998,CUST-1032,REST-520,2026-01-15 04:09:00,169.46,Credit Card,0.0
ORD-20999,CUST-1158,REST-506,2026-02-25 19:52:57,96.23,Cash on Delivery,0.0
ORD-21000,CUST-1285,REST-522,2026-02-24 03:51:52,77.55,Credit Card,0.0
